sigma_meta,replicate,mean_conf_R1,mean_conf_R2,m_dist_R1,m_dist_R2,m_dist2_R1,m_dist2_R2,meta_d,M_ratio
0.001,0,0.7543635419579023,0.7549973961462966,0.25394974291959355,0.25305100109872114,0.5045032858322556,0.502717821525294,1.9866264877141189,1.0037838359892848
0.001,1,0.7619680315658091,0.759209951118706,0.24638802341036833,0.25263955086607714,0.4849843360849678,0.4972896943189359,1.968376260225963,0.984336381394154
0.001,2,0.7557581573896354,0.7619238156209988,0.2525535151805577,0.24618569209356245,0.503636535897267,0.49093796641409,1.9941774935787488,1.001045501511035
0.001,3,0.7564648249277225,0.7578498565508448,0.2508252953032375,0.25117142562524963,0.506427908528402,0.5071267617076356,2.019046396082785,1.0000169092414712
0.001,4,0.7610166099659796,0.7585048970617629,0.24422570222742457,0.24727168391396015,0.5015691586581787,0.5078247265933717,2.053711603994547,1.0232052533224527
0.001,5,0.7591374706046474,0.7610292641804826,0.25022836483122274,0.24657568288027534,0.49812991861344075,0.49085852008844355,1.99070124983403,0.9982006941408853
0.001,6,0.7589847796637182,0.7590554975503976,0.2512635469214353,0.24895576739927247,0.49752196100568197,0.49295237258944336,1.9800801473253353,0.9932796865316085
0.001,7,0.7554889022195561,0.7587117423484697,0.2500908145262461,0.2470749575196482,0.5123965331230692,0.5062175190017268,2.0488418740756873,1.0224685314451376
0.001,8,0.7592368992996861,0.7572950624155204,0.24848853393057968,0.25337183000579283,0.4945674266822282,0.5042866645699623,1.9903028073737827,0.9919433389777474
0.001,9,0.7582583178014831,0.7582617116571844,0.2520417682179875,0.24775469145880705,0.5037319598758139,0.4951637864603176,1.9986050861226419,1.001368043047914
0.001,10,0.7581085420680796,0.7586894132653061,0.24608090158708149,0.24746666042493443,0.5052689626205235,0.5081142908273384,2.0532636192480878,1.0269373375902544
0.001,11,0.7607477383716276,0.7581341434167399,0.24679044925731455,0.24997999418056985,0.495573434006161,0.501978275584477,2.0080737949848877,1.0033654901707159
0.001,12,0.7574082972929681,0.7600687230302061,0.2518447725834334,0.2493329902020974,0.5001438371640309,0.4951556356403871,1.985921057775137,0.9908197928636507
0.001,13,0.7586151691014609,0.7555066959824106,0.2482790443827372,0.25170200407820115,0.500596674405093,0.5074982727434949,2.0162663169969064,1.0112133984780578
0.001,14,0.7578829727787978,0.7535476629519763,0.2503223769359438,0.2535842879718987,0.4992240644846039,0.505729373779319,1.9943245609734392,1.0075849381121518
0.001,15,0.7582197273456295,0.7616121308858739,0.25033777780284616,0.24778767038144894,0.49914887112631945,0.49406420810896323,1.9939015018317563,0.9929845245727564
0.001,16,0.7589350252991728,0.7581480596063431,0.24736351477215968,0.24986857839632334,0.49326880469174506,0.4982641644185266,1.9941049315461197,1.01179159914195
0.001,17,0.7522623528469609,0.7577319587628866,0.2567912851362615,0.2516962661561094,0.5083425558463505,0.4982564854834803,1.9795942669028195,0.9938871739080503
0.001,18,0.7617900862933975,0.7607335060793303,0.24553087503227905,0.2487226428317929,0.4926087959054203,0.4990124422587415,2.006300819970844,0.9972493512489281
0.001,19,0.7592875522676101,0.7565663801337154,0.24836101138812644,0.253525007627674,0.4944056419033179,0.504685471500283,1.9906733312930707,0.9952743792511036
0.0014030037231905735,0,0.7585431474119584,0.7594134757142288,0.2479541238159837,0.24889443201678402,0.49481543502200986,0.4966919071865909,1.9955926822545265,1.0089540969593216
0.0014030037231905735,1,0.7575478865917543,0.7554915376305366,0.2512648394926528,0.2530254113251723,0.5020761058599831,0.50559407141196,1.9981948404470822,0.9970283699613687
0.0014030037231905735,2,0.7590587671287603,0.7584604910088509,0.2492598247057502,0.24909151631151383,0.49811663352981134,0.4977802888708564,1.9983831494619528,1.0034023972839927
0.0014030037231905735,3,0.7536301452058082,0.7615695372185113,0.2560462317802509,0.2480314230068199,0.509153376722141,0.49321575904113996,1.9885212650155961,0.9879464774825751
0.0014030037231905735,4,0.7602030619178959,0.7569947564343754,0.2471747015240641,0.25011221709200443,0.4996747495815143,0.5056130691051226,2.021544868874324,1.0083449542314435
0.0014030037231905735,5,0.758318669012958,0.7570011201792287,0.24815983440653006,0.24928158664113853,0.49849809340947365,0.5007514449704442,2.0087783125807737,1.0184269115048115
0.0014030037231905735,6,0.7576280020849204,0.7539406999481224,0.25010173878976594,0.2550418000847245,0.500483938437802,0.5103696007486239,2.0011213870788236,1.000128775376061
0.0014030037231905735,7,0.7577393808495321,0.7532202576206096,0.24774910581693244,0.25226895975098007,0.5022536964026323,0.5114166491329354,2.027267443595777,1.0264422014128363
0.0014030037231905735,8,0.7617502103618223,0.7619694126103103,0.24499256838645544,0.24601388325103313,0.49045384319420643,0.49249842684726386,2.0019131454655237,1.0076673719332996
0.0014030037231905735,9,0.7548784388995522,0.7572423175416133,0.25492076307427486,0.25228869171636836,0.5111757735529383,0.5058978546568914,2.0052339691294576,0.9868239043439827
0.0014030037231905735,10,0.7543447066326531,0.7574261400128453,0.2560560737866277,0.25068621372993066,0.5081547548734625,0.4974980269135957,1.9845448200416813,0.9928959323465119
0.0014030037231905735,11,0.7594090326713645,0.7602701406649617,0.24929778373670938,0.24867280829374658,0.49913327067998126,0.4978819718025306,2.0021568711863496,0.9938150063142775
0.0014030037231905735,12,0.7522567304251004,0.7629662415000201,0.25830149134718766,0.24401089667699882,0.5147666148770338,0.48628702304585414,1.9928906031174507,0.9964475262583732
0.0014030037231905735,13,0.7604016642662826,0.7569188929771237,0.24766806921127305,0.25128595075832943,0.4971250490659378,0.5043869441795179,2.007223016875323,1.000623072550832
0.0014030037231905735,14,0.7585229540918164,0.7585170340681363,0.24902375336915306,0.2482543405586161,0.5011855652408023,0.49963704390845837,2.012601442473017,1.009951730780989
0.0014030037231905735,15,0.7626339357108588,0.7536817672482792,0.24499915933539954,0.25430128391981094,0.49148675005571385,0.5101475119661125,2.006075250988421,1.004191797932079
0.0014030037231905735,16,0.7591581297086141,0.7596836992734717,0.2508155901418295,0.24815325306785313,0.49564048637291275,0.4903794017589614,1.9761151453649322,0.9958144415898718
0.0014030037231905735,17,0.7591627235544149,0.7567233261511451,0.24659215125661652,0.25018069938537507,0.496577854427681,0.5038043355675246,2.0137618001917525,1.0184117013038725
0.0014030037231905735,18,0.759894669645707,0.7566971446904075,0.24758243612393843,0.24960248955841696,0.4981763681104444,0.5022410461188382,2.012163608653806,1.012735580736505
0.0014030037231905735,19,0.7553297868085277,0.7623504940197607,0.25133867529095677,0.24399029179146156,0.5079266025173076,0.4930763632512175,2.020885173876712,1.015711044486299
0.0019684194472866113,0,0.7594699237616254,0.7612137731991823,0.2457422899341214,0.2430635627504813,0.5024140559028145,0.496937464188175,2.0444753568362275,1.0313018193762233
0.0019684194472866113,1,0.7601073847016869,0.7572974483887713,0.24794232222437096,0.25195679913488195,0.49529211865450723,0.5033114787881809,1.9976102272943201,0.9964010393515912
0.0019684194472866113,2,0.7562390017597185,0.7586813890222436,0.2514276763763287,0.24875668774881465,0.5110407666609338,0.505611833396227,2.032555739392925,1.004911100440413
0.0019684194472866113,3,0.7626752966558792,0.7561170958311642,0.24652087120389263,0.2528061501733613,0.4910466780691294,0.5035663699865843,1.9919071179291516,0.9925748316412695
0.0019684194472866113,4,0.7602936482604532,0.7602662816811037,0.24752278312024611,0.2463128204089168,0.501383191946981,0.49893228638307413,2.025604211566294,1.007937636281774
0.0019684194472866113,5,0.7570936197499198,0.7564276588949217,0.2484988809970104,0.2500208054726481,0.5044361409714321,0.5075255460675857,2.0299332493875526,1.0205037452531753
0.0019684194472866113,6,0.7585724002720762,0.7616667333146719,0.2520272218264635,0.24882274541882704,0.4939847602885834,0.4877038415108227,1.9600452550666247,0.9810695446051344
0.0019684194472866113,7,0.7616026979283764,0.755699027578511,0.2442065302318079,0.25203290367885234,0.492864177633076,0.5086595747060593,2.0182268556259944,1.0134240727735984
0.0019684194472866113,8,0.7564117905149376,0.756307914477115,0.25214165162798596,0.2504573983588309,0.5041563778596031,0.5007887191562793,1.9994966107521335,1.0069394414610733
0.0019684194472866113,9,0.7562789953607423,0.757801248199712,0.25058933977893305,0.24871421919018535,0.5061821708271259,0.5023944893119734,2.019966895932899,1.014494517858928
0.0019684194472866113,10,0.7549558156197755,0.7609534528499076,0.25370326960689144,0.24486489945659592,0.5128228546067851,0.49495742379239716,2.0213490169101673,1.0087802882214392
0.0019684194472866113,11,0.7586384939232663,0.7583595197808396,0.24884213415884646,0.24575333069244049,0.5065764566979214,0.5002884736731119,2.0357342554157336,1.0217968232919148
0.0019684194472866113,12,0.7582546217808993,0.7565606913501942,0.24743815505821815,0.25319257361279013,0.4983055730095395,0.5098941610124611,2.013859070733438,1.0047514371979867
0.0019684194472866113,13,0.7555992614594204,0.7605437295702783,0.2516508132092212,0.2481560605964109,0.5066019114446451,0.4995665741409507,2.0131145414716336,1.0018770054024024
0.0019684194472866113,14,0.7583819682028577,0.7557543231961836,0.24680402172993351,0.25229158805751,0.501765625117283,0.5129221375980316,2.033052871668122,1.0143378636468974
0.0019684194472866113,15,0.7553208513362137,0.7575187969924813,0.254578998532205,0.2526253727344015,0.5044037036313436,0.5005329362326056,1.9813248796621965,0.9854293636497187
0.0019684194472866113,16,0.7584747454581753,0.7583249849729513,0.24932080503012224,0.24845877816701453,0.5004376477263761,0.4987073841986354,2.007203721590401,1.0091613411901146
0.0019684194472866113,17,0.756776205325018,0.7607059953574001,0.2502369585624112,0.24612821345192243,0.502753134646252,0.49449822100109003,2.009108236986749,1.012549290139456
0.0019684194472866113,18,0.7588235294117647,0.7579768092762895,0.25073020167658916,0.25163862135192355,0.49320289268378076,0.49498981427778843,1.9670661507302232,0.9905421808293656
0.0019684194472866113,19,0.7590027700831025,0.7590371049380256,0.24763709941650824,0.24914723151234697,0.4982856855362385,0.5013243142732019,2.012160886677795,1.0072934418240218
0.002761699813343849,0,0.7532638639358007,0.7593074980964213,0.25685337734775215,0.24992679207518712,0.5067923208342793,0.4931256123720925,1.9730802299248587,0.9898749266209615
0.002761699813343849,1,0.7610714712799458,0.7625336169871152,0.24793670241430182,0.2451522395916988,0.4998224733957736,0.49420919758174575,2.015927728846579,0.9967461734362493
0.002761699813343849,2,0.756074168797954,0.7607303010890455,0.2501260787711398,0.24484787641645414,0.5103107021467713,0.49954204034658817,2.0402138979426256,1.0206041986329493
0.002761699813343849,3,0.755591054313099,0.7572115384615384,0.25382716113014153,0.25146306369345595,0.5055230883046159,0.5008147433350498,1.9916036016548502,0.9939807236728776
0.002761699813343849,4,0.7564735637721306,0.7598740584273246,0.24929042915063962,0.24759958017461273,0.5024509005396243,0.49904295345727623,2.0155242311208283,1.0151676342303086
0.002761699813343849,5,0.7574844283705043,0.7576746963965757,0.24797512741792857,0.24973389445566527,0.49797886914497447,0.5015107911956304,2.008180716873666,1.0179950759015906
0.002761699813343849,6,0.7609375,0.7586261980830671,0.24630926172517567,0.24914280272879677,0.49081574866705424,0.49646209155862947,1.9926808485776366,1.007924690484841
0.002761699813343849,7,0.7642667950878883,0.7575552188820668,0.24378594835389947,0.2526311905721389,0.4892525984898321,0.5070040635302345,2.006894170042948,0.9902339648194997
0.002761699813343849,8,0.7605830670926518,0.7590945512820513,0.24920696181570307,0.25005767727095474,0.4923814828372649,0.4940623208615219,1.9757934499494343,0.9900100020020247
0.002761699813343849,9,0.7571502652678607,0.7592555453050419,0.2542410036217357,0.2506177099249573,0.5014951398086239,0.49434812515265186,1.9725187230410612,0.9796559226377848
0.002761699813343849,10,0.7589922294320276,0.7563713349844212,0.2492255243960685,0.252573239925913,0.4960113823847791,0.5026740426873824,1.9902110090318006,0.99822528777917
0.002761699813343849,11,0.7558120955500519,0.7577104862613154,0.25136429013009554,0.24872798215005534,0.5080172740568912,0.5026891902908905,2.02103995676539,1.0133530071855963
0.002761699813343849,12,0.7555582165808487,0.7557221309175451,0.2513072776909601,0.2501926396171694,0.5052455340874455,0.5030045886039681,2.010469170370628,1.0188534745214861
0.002761699813343849,13,0.7611539078799551,0.7530307864093156,0.24649149822684366,0.25584529406403556,0.4963649806039572,0.5152009109411095,2.0137204900558374,0.9995368491011266
0.002761699813343849,14,0.7582456978967496,0.764741323907455,0.24835127446831556,0.23974853501961785,0.5078908639791478,0.4902978285476184,2.045050362904194,1.0229878619424513
0.002761699813343849,15,0.7588002082415602,0.7565623876303488,0.24616068972117364,0.24951047808229174,0.5032327894231567,0.5100808501060062,2.0443263706856234,1.0242677469397057
0.002761699813343849,16,0.7606742021807724,0.761046348595922,0.24589504490885034,0.24509502218794596,0.49699883064011297,0.49538183849241685,2.0211827807442933,1.016527869389033
0.002761699813343849,17,0.7575322239514746,0.7603945310933804,0.2525110958758178,0.24833513582277528,0.4990600063979619,0.49080668729703036,1.9763884223265742,0.9912025730386306
0.002761699813343849,18,0.7616685997680278,0.7598911869424331,0.24781783700882185,0.24931705782390887,0.4953166523461878,0.49831316399450065,1.9987126767172756,0.9885873616656891
0.002761699813343849,19,0.7543240097917252,0.7542362744707148,0.2552152937729423,0.2569754848093444,0.5011557143422581,0.5046121286628347,1.9636586308503987,0.9849708161768348
0.003874675120456132,0,0.7569338981696108,0.7551845624149252,0.25155314925971084,0.2527303981896392,0.502052017121314,0.5044015810272472,1.9958089119487858,1.0020286492706234
0.003874675120456132,1,0.7565942435661028,0.7527340943561907,0.25163979060156544,0.2565446395959061,0.49824457498272334,0.5079561329072374,1.9799912159822937,0.9988560625123282
0.003874675120456132,2,0.7600532408341064,0.7592335462371563,0.24392471022222006,0.24898172843185135,0.49772927189468996,0.5080481362243633,2.0405036924764577,1.0181578418084585
0.003874675120456132,3,0.7566352313875293,0.7555591298403636,0.2553311427720692,0.25343573386074986,0.5025487836185669,0.49881819504836006,1.968223610181331,0.9825033150803282
0.003874675120456132,4,0.7587649402390438,0.7602409638554217,0.2543222386138877,0.2508763243867588,0.5015249524641532,0.4947295893123678,1.9720058898410724,0.9648367843171312
0.003874675120456132,5,0.7552043640447635,0.7602616777693566,0.2515727657375857,0.24746793279433782,0.5002352458958238,0.49207306621509966,1.988431634995088,1.0116856267148013
0.003874675120456132,6,0.7551126794450237,0.7543292634267018,0.2520358419819754,0.2539922026792613,0.5048289588450514,0.5087475583829968,2.0030046317029577,1.0064614801845817
0.003874675120456132,7,0.7586480482386544,0.7625443691513392,0.251071713085505,0.2432288268205928,0.5071431469496086,0.49130119497232283,2.019913516808227,1.0029779727367403
0.003874675120456132,8,0.7563732563732564,0.757624141785087,0.25368313081897426,0.25352790346181386,0.4987993465496949,0.4984941338851071,1.966229859034786,0.9811511356115197
0.003874675120456132,9,0.757641136281913,0.7565175603700293,0.25187574905401316,0.2524737479149024,0.4984475794105324,0.49963098466419403,1.9789423208966554,0.9929846201833984
0.003874675120456132,10,0.7579278239764453,0.7575099529496924,0.25177559009139816,0.24923100877796628,0.5023342910834715,0.49725742700096437,1.9951667709372338,1.0012339556695968
0.003874675120456132,11,0.757573335464791,0.7568260068860597,0.2493617141706224,0.24955094210785334,0.5056304945736994,0.506014191869844,2.0276989844067583,1.014176349642862
0.003874675120456132,12,0.7553349081154662,0.7607800823242616,0.2525648367928323,0.24768964054329787,0.5039796408384004,0.49425144713551983,1.9954465840856241,1.001432641887004
0.003874675120456132,13,0.7591887450398813,0.7606083589477466,0.24874137127652263,0.24850329835692622,0.49996348430606097,0.4994849641234733,2.009973177120817,0.9961221546391045
0.003874675120456132,14,0.7557526366251198,0.7530839474527395,0.253242401218772,0.25509512956877983,0.5057458758128616,0.5094459265054333,1.9970821370310572,0.9986960475709752
0.003874675120456132,15,0.7585596459464896,0.7628952077947903,0.24712376218248366,0.2458730250893441,0.5022077799381582,0.49966601748972117,2.032211615357785,1.0069122722585582
0.003874675120456132,16,0.7579925057801165,0.7641888095046961,0.24870177359908166,0.24076770519260463,0.5059779090521684,0.489836233484315,2.0344764805249334,1.0209119821458608
0.003874675120456132,17,0.7532571657646823,0.75996807024546,0.2527123288487601,0.24683173185761945,0.5100614876894349,0.4981923950200452,2.0183482539733535,1.017785123169831
0.003874675120456132,18,0.759983929288871,0.7545201115093588,0.2480881618931659,0.25633358896103486,0.4901248596065039,0.5064145880368965,1.975607606047588,0.9913554276021652
0.003874675120456132,19,0.7615057729313662,0.7585009578544061,0.24442798002802674,0.24829257001722826,0.4998033345500774,0.5077056007433761,2.044787730491283,1.0151345764146846
0.005436183620153837,0,0.7559993621940525,0.7627839768804688,0.2568850964784043,0.2481431144133618,0.5015931567645241,0.48452358581433796,1.9525973427060677,0.9690319086247204
0.005436183620153837,1,0.7553552195939208,0.7598572058882516,0.25208289204828893,0.24646509039201006,0.5068777640718353,0.49558172283954005,2.010758286503385,1.013281566231556
0.005436183620153837,2,0.7558879694462126,0.7626287001287001,0.253098779835549,0.24401447661806772,0.5087071832834139,0.4904485006265476,2.009915589533646,1.0035594803328323
0.005436183620153837,3,0.7588416710057275,0.7575600207725802,0.25003076521642587,0.2521125923576181,0.4940707005024202,0.4981844734338572,1.9760396288622886,0.9926752933107382
0.005436183620153837,4,0.7584334703980199,0.7568033345356899,0.2529469137597365,0.2536465652276819,0.49303400540928144,0.4943977380617354,1.9491599959886976,0.9799774661531444
0.005436183620153837,5,0.7580298079222125,0.7560427206295671,0.2507738891933531,0.25129358977171323,0.5044774777129135,0.5055229503407872,2.0116826330509574,1.0014904797670412
0.005436183620153837,6,0.7596249750648314,0.7598556246240225,0.24942436357845243,0.24765798704836542,0.5037754967012749,0.5002078531838597,2.0197525593477974,0.9978237809713624
0.005436183620153837,7,0.7589132772975341,0.7599710808531148,0.251787880733964,0.24856423351383936,0.5021505049543775,0.4957214581127993,1.9943394554599059,0.9868771782482247
0.005436183620153837,8,0.7547109676905303,0.7652114542752722,0.2536131197481836,0.24064676584103498,0.5070267132819872,0.4811042065468453,1.9992132654076487,1.011617893626343
0.005436183620153837,9,0.7596435595873641,0.7567664527444493,0.24405525014405005,0.24867389750891947,0.49999237501037186,0.5094545294361973,2.0486851838477502,1.0334088862476554
0.005436183620153837,10,0.7588357588357588,0.759764687049784,0.24839563674450788,0.2467921390584888,0.50171122205384,0.4984724663568524,2.019806904136101,1.0117342752775262
0.005436183620153837,11,0.7534516765285996,0.7610605398099932,0.25420177256653576,0.24938541652669985,0.506429967250795,0.49683464851286674,1.992236175765612,0.9933142041303261
0.005436183620153837,12,0.7611808591713128,0.7549164306514021,0.24620915476763514,0.2542077618700273,0.49304430162694135,0.5090618524629741,2.002542521590076,1.0001730906711324
0.005436183620153837,13,0.7562940987812701,0.7582215836526182,0.2517491741518623,0.2505913394347086,0.5048038341231982,0.5024821605508052,2.0051856607826886,0.9984406883736376
0.005436183620153837,14,0.7627423545872477,0.756453872323394,0.24454589586946865,0.2512947472395767,0.48778965174737005,0.5012514187004207,1.9946752735843816,1.0076879022179601
0.005436183620153837,15,0.7527211833658946,0.7527990689835066,0.2550303687492056,0.2532434549650963,0.5139187790118422,0.510317919417619,2.0151277729485817,1.014302873650759
0.005436183620153837,16,0.7585561177736165,0.7606120236135095,0.2511411333012036,0.2470845822159023,0.5041929178320433,0.49604895391363657,2.007607878504493,0.9947605514033571
0.005436183620153837,17,0.7562629647359183,0.7615915289587678,0.25185461885839533,0.2456537923292225,0.5031581676845494,0.490770082333204,1.9978119518524646,1.0060093077391192
0.005436183620153837,18,0.7596657470712886,0.756092680779543,0.25052587127268405,0.2538309921136543,0.49790918309938004,0.5044779658347208,1.9874561480216646,0.983832266641536
0.005436183620153837,19,0.7603302488832163,0.7544528241335045,0.24795297428934823,0.25241484847351753,0.4977635080156404,0.5067206828694689,2.007491579571763,1.0065460553565793
0.007626985859023444,0,0.7571121204876883,0.7586137659625732,0.2528608951955997,0.249887415468665,0.5034841154941829,0.4975634696422511,1.9911505695837806,0.9915940308598341
0.007626985859023444,1,0.7588618083343438,0.7579476622194069,0.24540641663786808,0.2512648152513317,0.4979802865947638,0.5098681869214451,2.0292064625580033,1.012939079415803
0.007626985859023444,2,0.7617131474103586,0.7559036144578313,0.24805244169996352,0.25265318141057674,0.4960244892053941,0.5052244775194952,1.999675898394783,0.991075353036168
0.007626985859023444,3,0.7574249542161,0.7620368137609517,0.25123232699334014,0.24375346390611655,0.5056647340415916,0.4906117456017932,2.0127375329966837,1.0089795707168856
0.007626985859023444,4,0.7632311977715878,0.7555689585846401,0.2479250735178357,0.25327868596132036,0.49112390972610476,0.5017290778000526,1.980936832073878,0.9842021545811983
0.007626985859023444,5,0.7571751816124807,0.7622636946269499,0.2507394783460505,0.24199705609195055,0.512793661435448,0.4949143121320747,2.045125342119965,1.0181266806032059
0.007626985859023444,6,0.7572628279824808,0.7549476366821964,0.25166533208563585,0.25623806128673904,0.5024960193070935,0.511626312311224,1.9966835127537783,0.9837912959980699
0.007626985859023444,7,0.7604371760356813,0.7591287381037709,0.24934152655428507,0.25324909380482163,0.48779534332343477,0.49543985057770434,1.9563341496476923,0.9764215670756159
0.007626985859023444,8,0.7614270235563225,0.7597384474303257,0.24681081121037143,0.2500465831632182,0.4937942354234386,0.5002680423430985,2.000699373750482,0.9918403925430447
0.007626985859023444,9,0.7561630656992825,0.7596695006586037,0.25198274590858627,0.2497605026241967,0.5062168322348054,0.501752491028337,2.0089345022791743,0.9942907906321169
0.007626985859023444,10,0.759614230261315,0.7581064331694055,0.24933894852919206,0.25049222071187155,0.4980105847960628,0.5003140426293183,1.997323674194274,0.9951118760865458
0.007626985859023444,11,0.7612717225914951,0.7616478861983537,0.24793247283604067,0.24808149307629515,0.4944085565522976,0.49470572166761523,1.9941258637760337,0.9875400701711946
0.007626985859023444,12,0.7585542941955152,0.759602728251765,0.24843784783708198,0.24833884281443033,0.501426173939582,0.5012263504821611,2.0183163648575886,1.0062190227527987
0.007626985859023444,13,0.7600959616153539,0.7561824729891957,0.24654924577937332,0.25025658821404356,0.49934839379653967,0.5068570579749851,2.0253495086469897,1.0151817840679986
0.007626985859023444,14,0.7599406171006701,0.7553136340072576,0.2450092530735869,0.2511396512983535,0.5007753900334483,0.5133053354275751,2.043903990364983,1.0225159799185817
0.007626985859023444,15,0.752744171140133,0.7573288601325985,0.2555183328479408,0.251717261556045,0.5106044449919624,0.5030087320904998,1.9983084552129715,0.997657333511357
0.007626985859023444,16,0.7568390275163216,0.7601565932968481,0.2541969855047432,0.251373999241847,0.4986043189001165,0.4930670654189989,1.96148792996136,0.9743508966477787
0.007626985859023444,17,0.7555573388973598,0.7555227689608421,0.24803315188644484,0.24990926775180405,0.51226780442157,0.5161425838527811,2.065319899882165,1.033656392688045
0.007626985859023444,18,0.75709298125928,0.756708265220685,0.24921605879361444,0.2511997309519412,0.5017121914593539,0.5057056440101593,2.0131615670675593,1.0109706849214408
0.007626985859023444,19,0.7620345504829853,0.7618059159314997,0.24523391393714988,0.24633331674753148,0.49783597652850897,0.5000678141357854,2.0300453902803084,1.0020857522707654
0.010700689556931752,0,0.7550734499459633,0.754287084782348,0.25193978505308867,0.25309781093423916,0.5106617144762187,0.5130089399521455,2.026919703724492,1.0096897837066239
0.010700689556931752,1,0.7618894987779959,0.7606325625973404,0.2452494421985844,0.2478629419548395,0.4913752893460869,0.4966116282646313,2.0035735247389814,1.0031829578746798
0.010700689556931752,2,0.7581272297270213,0.7547998243723306,0.24835130203089606,0.2528104322310955,0.5007324987771508,0.5097231156543708,2.016226589844322,1.011518971510486
0.010700689556931752,3,0.7639067524115756,0.758359872611465,0.24547445813089494,0.253551202582739,0.4833069131159189,0.4992089603544359,1.9688684386796933,0.9786998859164607
0.010700689556931752,4,0.759229598782734,0.7596899224806202,0.24930320107608184,0.24892629063984278,0.4974037644833415,0.4966517618253365,1.9951760039035553,0.9970845147537053
0.010700689556931752,5,0.7562617721316074,0.7602507286301753,0.25174514252164465,0.24810747989892337,0.5063601632749972,0.4990433689125315,2.0113999348824025,0.9999665362352054
0.010700689556931752,6,0.7580256821829856,0.7612041467304625,0.25075936851696523,0.2489860346553943,0.49915581884339094,0.4956258613347634,1.9905769495093473,0.9883738478588521
0.010700689556931752,7,0.7576229868520961,0.7604996596869119,0.2507761911096222,0.24714979759630912,0.5033986359106607,0.49611915080563707,2.007362157002414,1.0016008868865298
0.010700689556931752,8,0.7627949985928517,0.7570342659290803,0.24532784649180206,0.2539589917185242,0.48565729097220434,0.5027437272196184,1.9796256230881364,0.9888521952933997
0.010700689556931752,9,0.7571343045300339,0.7553016636600521,0.24937133564383726,0.24995184472342238,0.5060371956081628,0.5072151946187544,2.0292516551738196,1.0220998685273712
0.010700689556931752,10,0.760001597061407,0.7543880740562635,0.2478350962636255,0.25242915780275166,0.4986704721915035,0.5079142107561012,2.0121059515358595,1.0087034327257218
0.010700689556931752,11,0.7583649052841476,0.758716148445336,0.24670730806204186,0.24513785237456268,0.5080113479040262,0.5047795778136508,2.059166191283931,1.0337347586226175
0.010700689556931752,12,0.7563441633696999,0.7590583336669736,0.25267586590612107,0.2488797448873215,0.5064190334524379,0.498810756617945,2.0042239951820022,0.9978883257321927
0.010700689556931752,13,0.7613485851896448,0.7533585808251944,0.24634178031840973,0.2560651716804969,0.4955338436825572,0.51509313033323,2.0115704410435518,0.9967329148512756
0.010700689556931752,14,0.7557826362484157,0.7583629605688429,0.255341903838702,0.24790601556123212,0.5085747632384788,0.49376440480012823,1.9917403120787514,0.9973022076788347
0.010700689556931752,15,0.7576930752344841,0.7575866907195831,0.2508330151620719,0.24943809718867221,0.5061506522077206,0.503335876642565,2.0178789139088376,1.0036823652759048
0.010700689556931752,16,0.7540708812260536,0.7585391276459269,0.2570689173918281,0.25096605052940696,0.5077972825341532,0.4957420747717865,1.9753352046064807,0.9832521364598467
0.010700689556931752,17,0.7575721440496065,0.7582320264068916,0.25199396686624154,0.24821450102260292,0.5055399003152554,0.4979576918616214,2.006158744997241,1.002324120423491
0.010700689556931752,18,0.7631147868472572,0.7588402546954467,0.24570429045709669,0.24982935868796607,0.48657035122754766,0.49473925985424577,1.9803087293362078,0.9963019086215502
0.010700689556931752,19,0.7562893712634916,0.7631694381305579,0.252886238125982,0.2471637680720994,0.501572279470328,0.4902223840770614,1.9833909634120004,0.9863552791198528
0.015013107289081735,0,0.7543000477783086,0.7585999035524835,0.2526830996202889,0.24627187680176948,0.5132908369538256,0.5002673227917765,2.0313619617819962,1.02152122131834
0.015013107289081735,1,0.7611392556543939,0.7588544382495688,0.2506518337361403,0.25149669542128655,0.48882858199846063,0.4904762561182902,1.9502294266598008,0.9771093758826739
0.015013107289081735,2,0.7609217474795967,0.7587186050231963,0.24919711479181703,0.2518501823349211,0.4894571021430715,0.4946680884441063,1.964136312541063,0.9827111729112092
0.015013107289081735,3,0.7569870212596544,0.7646491439594888,0.2546067918737638,0.24475629516407382,0.4962670943031075,0.47706698835312994,1.9491510444433116,0.9827740735538331
0.015013107289081735,4,0.7597886139803026,0.7590520342098953,0.2496953591792142,0.2509208213040464,0.4946560857665496,0.49708377324907743,1.9810383636786755,0.9870785143982475
0.015013107289081735,5,0.7606245270243358,0.7599325111477122,0.25005949403961614,0.24865713046782267,0.4941616082106967,0.49139029076644175,1.9761761500341524,0.9881245722952938
0.015013107289081735,6,0.7595547160712133,0.7578532468049528,0.24589953451920146,0.2504330251924882,0.4955124558896326,0.5046478985478116,2.015101235789203,1.0125897126616838
0.015013107289081735,7,0.7586508979413052,0.7605175392775344,0.2505070453934152,0.24627764376972555,0.49931129137249025,0.4908812371073862,1.9932025887269322,1.0032459646855167
0.015013107289081735,8,0.759434719768749,0.761437908496732,0.24812546089630602,0.2480133644698491,0.49697453890056054,0.4967500191368507,2.0029163355720714,0.9966331684651059
0.015013107289081735,9,0.7568495886252895,0.7599951926928932,0.250727926693368,0.2474503168019646,0.5034908534887415,0.49690903141814285,2.00811636792456,1.006872111942926
0.015013107289081735,10,0.7561014707650383,0.7576156825168683,0.2556216630094615,0.2548642466057947,0.49726654458968883,0.4957931255005838,1.9453223906585853,0.9691966974366812
0.015013107289081735,11,0.7578684697738066,0.7560228989425141,0.2507211776060094,0.25582678913815876,0.49504965687865304,0.5051307009343653,1.9745027588239417,0.9840687819724141
0.015013107289081735,12,0.7601979723796599,0.7632887035997755,0.2482746439688373,0.24391245205627093,0.4973953660745255,0.4886561166346567,2.003407831437499,1.002847080019927
0.015013107289081735,13,0.7576133995832666,0.7594633445136559,0.2515767844647417,0.2506882651473315,0.49876810075930283,0.4970065507284622,1.9825680728867285,0.9878357786528561
0.015013107289081735,14,0.7562075848303393,0.7572344689378757,0.2511454935201706,0.24880767342732915,0.5066865686308252,0.5019700116091762,2.0175021320465416,1.0147567318996078
0.015013107289081735,15,0.7555218276950114,0.7615671193366182,0.25152457564741754,0.24460078796003523,0.5102477213137594,0.49620198887885264,2.028619748191187,1.0142145934210893
0.015013107289081735,16,0.753907655406756,0.7595357214328597,0.25340821881435305,0.24670961309605102,0.514456828718767,0.5008576507962873,2.0301505260003356,1.0129725124290723
0.015013107289081735,17,0.7581767293082767,0.7559823929571828,0.2488298310327084,0.251108872227732,0.5013943645980521,0.5059866532602642,2.015009062688084,1.011335302865353
0.015013107289081735,18,0.7589385474860335,0.7539695268644747,0.25156812013271046,0.2556771710361922,0.49492608096753654,0.5030100800811107,1.967364071037486,0.9864316343410491
0.015013107289081735,19,0.7589490177172472,0.7590107132900553,0.2487712679292787,0.25056650897035626,0.4967189204599992,0.5003034589772971,1.996689266387498,0.9964014174677874
0.02106344542324121,0,0.7586468265049667,0.7563871174748326,0.24934522269843665,0.25006042937306,0.4995759028343109,0.5010088559758283,2.0035511305484626,1.0104855031781343
0.02106344542324121,1,0.7578647857972989,0.7578951571046433,0.2487022070911973,0.24902044523165612,0.5051899975331132,0.5058364362088037,2.031304842211809,1.0128716208740098
0.02106344542324121,2,0.7574898138531597,0.7541456380677721,0.2511309220702847,0.2539598865434912,0.5042018877759311,0.5098816711179545,2.0077252280179927,0.9993815666183478
0.02106344542324121,3,0.7591246673815482,0.7571814189597518,0.2524485458100725,0.2511776083503135,0.49444678942668197,0.4919575259432127,1.9586042289927659,0.9878886008955287
0.02106344542324121,4,0.7587104525430517,0.7581701957650819,0.24839676165557503,0.24966948537813033,0.5017966072407456,0.5043676892535562,2.02014150223316,1.0062280032950617
0.02106344542324121,5,0.7573632538569425,0.758394889199441,0.25035259564383405,0.2503827874051599,0.5048491945180604,0.5049100777948934,2.0165526673279945,0.9990545053131487
0.02106344542324121,6,0.7560487902419516,0.7581516303260653,0.25514226648323446,0.2531835021842908,0.5005519307997633,0.496709120804649,1.9618542145099855,0.9751810456391147
0.02106344542324121,7,0.7569223424570337,0.759411196911197,0.2535116130122204,0.2476934686865901,0.5038566446927,0.49229302974260825,1.987509127119994,0.9964818922699981
0.02106344542324121,8,0.7552845854558582,0.757549164306514,0.250737141906015,0.2498352655020448,0.5044872313723219,0.5026726412935633,2.0120163591934905,1.0152573962187517
0.02106344542324121,9,0.7610304412176487,0.7604495820167193,0.248827067705254,0.24951676657320754,0.49566906249459214,0.4970429580053774,1.9920222790300801,0.983650669109863
0.02106344542324121,10,0.7538719463515887,0.7577761744428411,0.25383663654439653,0.24893748594975473,0.5120017054877025,0.5021198637880747,2.0170520396812477,1.010011565809631
0.02106344542324121,11,0.7610883487807789,0.7583363501065926,0.25148172373043515,0.251528163501962,0.48796539202907374,0.4880555019622438,1.9403612508721586,0.9771120916347275
0.02106344542324121,12,0.756816447817532,0.759493166513926,0.2513725233635231,0.2503322136718326,0.499634591541228,0.4975668448323625,1.9876261130524597,0.9940210013511314
0.02106344542324121,13,0.7581639186809669,0.758635854789701,0.25182410188954396,0.25166078825560634,0.4971539741612961,0.4968315585484234,1.974211246782723,0.9841659039218598
0.02106344542324121,14,0.7627199808452053,0.7603143418467584,0.24678596700890332,0.24809807070709589,0.49246231312413025,0.49508062092380883,1.9955037115476004,0.9923874285322395
0.02106344542324121,15,0.7586331368066418,0.7566920652650896,0.24900372227723266,0.25211561517761344,0.49661220384783933,0.5028185528022374,1.9943967074312545,1.0013888096180987
0.02106344542324121,16,0.7578322435717437,0.7554943959155997,0.25107122531303533,0.254638549348061,0.49688624158295486,0.5039462072562909,1.9790648687974404,0.9905726557299243
0.02106344542324121,17,0.7599856207061831,0.7590129786893126,0.2480271885905804,0.2480940468397342,0.499164073578903,0.49929862832747557,2.0125377238496034,1.005592619019009
0.02106344542324121,18,0.7586843160850381,0.7585560430793777,0.24995776277664525,0.2518681638561093,0.4983872529745237,0.5021963747057197,1.9938858767105687,0.9880598763008308
0.02106344542324121,19,0.7578583487418603,0.7568664915213756,0.25046236812566913,0.2541641950851305,0.492392010308436,0.49966955077099595,1.9659321038655155,0.9902492006263055
0.02955209235202888,0,0.7601820795400096,0.757132553293797,0.2477642775721753,0.2501213849428832,0.49858870965093643,0.5033320371959156,2.012351072303772,1.005497154967287
0.02955209235202888,1,0.7596722621902477,0.7589671737389911,0.24697096052946904,0.24688374764906498,0.5021809857519264,0.5020036505293655,2.0333604593646353,1.0171764198747713
0.02955209235202888,2,0.7562937762657594,0.7551469118528883,0.2500155119447851,0.25179004060655374,0.5025684006733627,0.5061354674707663,2.0101488774198653,1.016512808229957
0.02955209235202888,3,0.758362075880324,0.7582781456953642,0.25138777992065786,0.25270890874930085,0.4947340691754331,0.4973340660468237,1.9680116087248924,0.9826842349955983
0.02955209235202888,4,0.7584506482144278,0.755210428904804,0.25030263820133597,0.2506962746460456,0.5049791456011332,0.5057732970210117,2.0174743232028702,1.0083235801020944
0.02955209235202888,5,0.760286011025006,0.7592726107506208,0.2480166618461535,0.24842700141653076,0.49340229963812177,0.49421862579197606,1.9893917447537566,1.0032725519123302
0.02955209235202888,6,0.7584801630109074,0.760121741219815,0.2505782962787539,0.24792424532590487,0.4976362705065669,0.4923654548073456,1.9859512092498837,0.9983151708184144
0.02955209235202888,7,0.7597226649665285,0.7620061034371989,0.24900474085024374,0.24499314333381317,0.5022373087414196,0.4941460011882932,2.0169789017931783,1.0018045266770386
0.02955209235202888,8,0.7570239334027055,0.7576557128008315,0.25162568620708,0.25110091739488927,0.5026807219361101,0.5016323744111103,1.9977321453677819,0.9963851484077831
0.02955209235202888,9,0.7544190147901719,0.7595704762284938,0.2531949645871332,0.24925366286524278,0.5079983363887801,0.5000906960405948,2.0063524455043424,1.000428234762674
0.02955209235202888,10,0.758921078921079,0.7589189189189189,0.25128912236079015,0.2508155705518418,0.4941343071977723,0.4932031160947169,1.9663975207343651,0.9865275788724632
0.02955209235202888,11,0.7625841615902533,0.7574656659214308,0.24637332112359714,0.2527154164331963,0.4921118145778752,0.5047796635835999,1.9974233100141527,0.9868806127728068
0.02955209235202888,12,0.7593768723786699,0.7594632485479672,0.24761079222985247,0.2467745264259838,0.5002751386035088,0.49858553942581463,2.0204092644682174,1.0144609591986207
0.02955209235202888,13,0.752148367240897,0.7575757575757576,0.25799853182570726,0.2515936416577101,0.5084262732200339,0.4958044400047258,1.9706556840544538,0.9909554622464098
0.02955209235202888,14,0.7627988384581725,0.7575721008808978,0.24664521972276474,0.24934229635657776,0.492729487043428,0.49811750627116436,1.9977256708938775,1.0003602222797392
0.02955209235202888,15,0.7570848590988696,0.7630648014150185,0.2545559405703226,0.24580987075652175,0.5013062646214758,0.484082311494898,1.9693363411528277,0.9829835278552298
0.02955209235202888,16,0.7625574425574425,0.7567967967967968,0.24605306066814758,0.2509094173088573,0.49137245415928593,0.5010706870296207,1.997018256245149,1.0008965729009225
0.02955209235202888,17,0.7571274341237154,0.7585930935136649,0.251598674066074,0.24967235097215099,0.505722032395428,0.501850056385518,2.010034569032017,0.9971498775338176
0.02955209235202888,18,0.7601835453228144,0.7590634441087614,0.2487748988256309,0.25294808153299764,0.4945053746600738,0.5028006700776303,1.987762338541551,0.9789510479671467
0.02955209235202888,19,0.7611546457700303,0.7588042260284936,0.24714599179872573,0.24915935504830067,0.49687155121730286,0.5009192920432796,2.010437424459435,0.9999083021416451
0.04146169559796819,0,0.760807610484486,0.7583210427711564,0.2451344651111035,0.24919154465252472,0.49642732964233727,0.50464341285194,2.025122535981789,1.0129469358911931
0.04146169559796819,1,0.7593258247463855,0.7569906257511417,0.24789623864065471,0.24971550305822124,0.5019243292165382,0.5056078585732633,2.024735558590372,1.0110182013285804
0.04146169559796819,2,0.7597264131965399,0.7595148140783456,0.24850780642455744,0.2514996861044373,0.49055644015114747,0.49646243508240917,1.9740081698402165,0.9888048555380741
0.04146169559796819,3,0.7561298076923076,0.7559904153354633,0.25237600941541777,0.2527987154813634,0.5044904235381545,0.505335397522548,1.9989634700489682,0.9973241480849838
0.04146169559796819,4,0.7590610702208076,0.7623969434948723,0.24819894379041288,0.24245283210463875,0.5052977086290407,0.49359944342288403,2.0358576104809303,1.0186162255795932
0.04146169559796819,5,0.7616698748796921,0.7624082349186083,0.24416825289028396,0.24459759399632724,0.49718190564244574,0.4980561414480693,2.03622665828654,1.0143965025079866
0.04146169559796819,6,0.7579209112055827,0.7589164605441634,0.25213165514731667,0.25223504014851966,0.4938577232055762,0.4940602264623683,1.9587295491199734,0.981450600539466
0.04146169559796819,7,0.7563867156314865,0.7550505050505051,0.2521346900382644,0.2523480583475104,0.5058820561323307,0.5063101574736355,2.0063960895486344,1.0035138637063763
0.04146169559796819,8,0.7575830045039659,0.7601059772791137,0.2499584920524862,0.24567615189612632,0.502999291091339,0.494381804063098,2.012331275329183,1.014902049900912
0.04146169559796819,9,0.7618990528713584,0.7601793650158145,0.2490958244966384,0.2507631345998073,0.4882641658981529,0.4915323370064499,1.9601459273145792,0.976426288205748
0.04146169559796819,10,0.759125254867469,0.7609556969624205,0.25023688888671003,0.24797027675183825,0.4958888448437566,0.4913971502807728,1.9816776297449126,0.9925529523721499
0.04146169559796819,11,0.7567881457749299,0.756891729924091,0.2516246082906439,0.2523499038371458,0.498081376740019,0.499517071789081,1.9794621047743484,0.9972761059353443
0.04146169559796819,12,0.7594087641081255,0.7597498306975262,0.2435785804190868,0.2457189685902337,0.503623972257238,0.5080494467430107,2.0676036923720162,1.0353823282421895
0.04146169559796819,13,0.7584314349347757,0.7576037978757644,0.2547110533170623,0.25261319873179455,0.49842907623047916,0.49432390800403675,1.9568411725345842,0.9712536749887344
0.04146169559796819,14,0.7593043200765887,0.7577714491997914,0.24946717581918892,0.24953954166414163,0.5002062271922554,0.5003513278298944,2.005098368351271,1.0017807628179527
0.04146169559796819,15,0.7620655013060076,0.7553255026876369,0.24570567848729186,0.254996592388064,0.49112171725065606,0.5096925928521786,1.998821192388752,0.9925259086793922
0.04146169559796819,16,0.7519141808900941,0.7614347616754935,0.25635745590008496,0.2448751046255881,0.5162333706790083,0.4931110749730305,2.013724815868861,1.0093355757542224
0.04146169559796819,17,0.7597689703246365,0.7588270737095802,0.250116188306448,0.2496131651440414,0.5032668208200839,0.5022546717486569,2.0121321383783046,0.9899347976967129
0.04146169559796819,18,0.7522464698331194,0.7584157626037014,0.2561729281926818,0.25133442227105374,0.5078882783184201,0.4982954596724124,1.9825993398350406,0.9948871980568299
0.04146169559796819,19,0.7589896227174,0.7583737767523272,0.247850964199555,0.25101520566947755,0.49424138166877013,0.5005512182315562,1.9941071573594367,1.0021048604269793
0.058170913293743576,0,0.7587031941619811,0.7571319664566866,0.25189312295851474,0.2518304631377589,0.49653901027966485,0.49641549342848224,1.97122892617216,0.9882799545274988
0.058170913293743576,1,0.7648169727166794,0.7550670967228129,0.24542906575312842,0.25726369490858536,0.4814708842449063,0.5046874879780596,1.9617516888941224,0.9737983357283229
0.058170913293743576,2,0.7625160462130937,0.7552648372686662,0.24303193055197822,0.2516657891739773,0.4895444077097782,0.506935773509971,2.0143213552141757,1.0190270201730136
0.058170913293743576,3,0.7600272741857853,0.7583373224828467,0.24885104840105207,0.25192490645634474,0.49247460305640683,0.49855774811590575,1.9789934831326383,0.9889839878335603
0.058170913293743576,4,0.7559447813597191,0.758702277831248,0.2515164000398336,0.24775380664539684,0.5062516018370361,0.498678262950612,2.0127975820139725,1.0123849982381214
0.058170913293743576,5,0.7593326131316769,0.7626264645899148,0.24775142303449554,0.2445969438267872,0.4985940312320974,0.4922457144985538,2.0124769622924665,1.009146705287828
0.058170913293743576,6,0.7606916472759367,0.7588737337481056,0.24878729337036148,0.2519573970608796,0.49528667118342085,0.5015977254294496,1.9908037282519242,0.9818118649621755
0.058170913293743576,7,0.7566511108451996,0.7554655220827149,0.25221189476875816,0.2516833859934868,0.5097793253085334,0.50871108525933,2.021234271190609,1.0016945386351896
0.058170913293743576,8,0.7648259303721489,0.7530987604958017,0.24233477175033316,0.254778629109165,0.4865374517891854,0.511521083341787,2.0077079664425685,1.0066719344027868
0.058170913293743576,9,0.7615971107544142,0.7588118022328548,0.24540371012334652,0.24956943555273242,0.4972420535123768,0.5056827322039722,2.026220603031835,1.0030824441073114
0.058170913293743576,10,0.7586262172885024,0.7584541062801933,0.2502499656692906,0.25115470512551236,0.49570471820579,0.4974968607781041,1.9808383065309663,0.9922896930115214
0.058170913293743576,11,0.7619181043109314,0.7593236599112604,0.24573956465940586,0.2486895404503445,0.49279110465011045,0.49870680581415616,2.0053388852263865,1.0030762656256618
0.058170913293743576,12,0.7584395798251945,0.7578018995929444,0.25100029851381683,0.25284437208693955,0.4939271517150353,0.49755598408264035,1.9678349174865466,0.9860163077134176
0.058170913293743576,13,0.7637510546827916,0.7561228147027199,0.24401472606960056,0.25455924165639626,0.4833469701125476,0.5042336589705328,1.9808106580202134,0.9920776769510405
0.058170913293743576,14,0.759787684080297,0.7600128292506916,0.24764704365666468,0.24572172080524893,0.49976153222967834,0.4958761545403152,2.018039564900046,1.0147728197409303
0.058170913293743576,15,0.7575442663575682,0.7588167006925263,0.24872042867912852,0.24673916984700506,0.5030485780927113,0.49904139040963147,2.022546281237271,1.0217675622068754
0.058170913293743576,16,0.7610853209540579,0.7631536862306093,0.2484214652596125,0.24654734283790505,0.4978512813674123,0.49409542939982415,2.0040590326891983,0.9851045552476675
0.058170913293743576,17,0.7598944591029023,0.7641479228367886,0.24794190176235642,0.24337147631050385,0.49818572434835245,0.4890024410947874,2.0092841137672885,1.0038047388033255
0.058170913293743576,18,0.7552102156366702,0.7612463641072638,0.25301237530158904,0.24815141068795096,0.5037648800713752,0.4940863682882988,1.991068142302885,0.9955777802612132
0.058170913293743576,19,0.7600657024958936,0.7622508886137626,0.2494625129113168,0.24796105869145815,0.49675273864127173,0.4937629046700072,1.9912921298033501,0.9839353667098115
0.0816140079325183,0,0.7558288086873204,0.7593780057710805,0.2581311781905352,0.25375912136798146,0.4948451528040311,0.4864637897250327,1.9170297686348041,0.9588179456190646
0.0816140079325183,1,0.7608922410334591,0.758435032304379,0.24850654432518207,0.2523762049785282,0.49496052134993906,0.502667880766282,1.9917403893487038,0.9822738014982669
0.0816140079325183,2,0.7623312982005142,0.7574091778202677,0.24948470272273518,0.25624695998921243,0.48057156348829033,0.49359740640288635,1.9262566331466564,0.9642014975600413
0.0816140079325183,3,0.7562439961575408,0.756675727534378,0.2519778965553883,0.2521254138219145,0.4999240204078245,0.5002166945906378,1.983999498535119,1.0000601096499455
0.0816140079325183,4,0.7598798798798799,0.7576023976023976,0.25071286148092536,0.2534190405957138,0.4914732554255175,0.4967781873362835,1.9603033227831017,0.9790905166509777
0.0816140079325183,5,0.7601329702018583,0.7573905401086609,0.25008465676734165,0.2530542000517462,0.4915791676936816,0.4974162535631119,1.965651048120904,0.9831405674244316
0.0816140079325183,6,0.7626617670554402,0.7598942477167121,0.2468144509217669,0.24909063334640194,0.4878441909930815,0.4923432078429933,1.9765625115188823,0.9917069888174633
0.0816140079325183,7,0.7614874371859296,0.7583681592039802,0.24702459340115115,0.2528943216221882,0.4868039516858923,0.4983712489091401,1.9706699846494868,0.9864982902833715
0.0816140079325183,8,0.7548057749062774,0.7543528845382331,0.25441705876638804,0.2533316725529025,0.503624322511005,0.5014757759509594,1.9795226190923192,1.0019185018078847
0.0816140079325183,9,0.7570198277588625,0.757459556620731,0.2511168454555932,0.2509538300891766,0.504509605240625,0.5041820970720281,2.009063168682728,0.9996341096132637
0.0816140079325183,10,0.7575250836120402,0.7615737019771741,0.24989160239874011,0.24381777241817937,0.5036446756401193,0.49140315931428624,2.0154525834624786,1.0170457136797124
0.0816140079325183,11,0.7547674140269688,0.7604074757359429,0.2556884482377801,0.2487359232060047,0.5071484779370302,0.49335840446290524,1.9834626141005882,0.9869671551722284
0.0816140079325183,12,0.7583573256557902,0.7557218309859155,0.2510760400899076,0.25380293316407426,0.49646502622302846,0.5018570462703766,1.9773492765189773,0.9909585507402079
0.0816140079325183,13,0.752171302781669,0.7572256646012393,0.26073431665414176,0.25533522308632844,0.5058674062946481,0.49539227783998147,1.9401642744467344,0.9648773241397122
0.0816140079325183,14,0.7611999681706055,0.7574599855224,0.24845407928777644,0.24942272714238298,0.4991474058251563,0.5010934316870418,2.0090127208054804,0.9988079507497449
0.0816140079325183,15,0.7584689837219534,0.7571308557026843,0.2504724207633622,0.2517907002227186,0.4987650580206841,0.5013901443636415,1.9912973112991963,0.9945728304913998
0.0816140079325183,16,0.7593912695234281,0.759168997203356,0.25089819543440667,0.2518635327529262,0.49527199800102645,0.4971775698671786,1.97399585574344,0.9787023530480881
0.0816140079325183,17,0.7589903596143845,0.7589296428142874,0.25270638135547957,0.2528692987691887,0.4925645029614552,0.49288205463734464,1.9491573593013845,0.9711147283587438
0.0816140079325183,18,0.7560285384032843,0.7570149733049657,0.2541378876451128,0.2518050136420115,0.5005326550139895,0.4959379854454126,1.9695318146066874,0.9920036410505783
0.0816140079325183,19,0.7577303027869248,0.7585066539166467,0.24689896476411827,0.2476660765123435,0.5002344142302744,0.5017886357977452,2.0260693061560104,1.0266511328893624
0.11450475699382824,0,0.7586939954273796,0.756352467190554,0.2531570473189219,0.256801857163733,0.4918765693854847,0.49895832587425265,1.9429700835696229,0.9652996282061026
0.11450475699382824,1,0.7579856000636461,0.7633240818953381,0.2551713710648143,0.24726488153593748,0.49746198008809517,0.4820481116742212,1.9495211316701289,0.9691462102822942
0.11450475699382824,2,0.7619967016612365,0.7561159950674251,0.24841637557054566,0.25721636138276993,0.4820284472825139,0.4991039862337293,1.9404052819602737,0.9711752664817487
0.11450475699382824,3,0.7591885441527446,0.7570394207562349,0.25154612192767123,0.25086726692213224,0.49658032656814477,0.4952401904620517,1.9741124321961516,0.9923830687991253
0.11450475699382824,4,0.758906181586594,0.756160308718897,0.25050673711195354,0.25111761641598207,0.5019498576104346,0.5031738996590014,2.0037379569001734,0.9992467623200679
0.11450475699382824,5,0.7555066959824106,0.759615769461677,0.26166122889865556,0.2566756933119519,0.4883286789876316,0.47902435821627354,1.8662630342409918,0.9369113938771668
0.11450475699382824,6,0.7541897217467457,0.7588327505124804,0.25776318322336667,0.2505158072077156,0.5095658992800416,0.4952387342029575,1.9768761888639206,0.9798405925011056
0.11450475699382824,7,0.7570526652281627,0.7601905982221511,0.2544732041025638,0.2506510401806628,0.4970621936741815,0.4895963656303113,1.9532987586144581,0.9763178352818677
0.11450475699382824,8,0.752855825884805,0.7538222027064788,0.25676107660601366,0.2571631514282768,0.5047822777233323,0.5055727411661562,1.9659610576329452,0.9858129891226998
0.11450475699382824,9,0.7605560866794137,0.7624116323907455,0.250860827789621,0.24721524836865577,0.49648023056319207,0.48926524156947354,1.9791062436402167,0.9786101200016769
0.11450475699382824,10,0.7566439181051786,0.7626943005181347,0.2534578011033212,0.24852733417184183,0.49518055539857797,0.4855479011939081,1.9537001948372434,0.9808619678871661
0.11450475699382824,11,0.7570531033654808,0.7528687377553877,0.25606209686507875,0.2605548272892556,0.4942215296638051,0.5028928798159276,1.9300846775624685,0.9609762576171582
0.11450475699382824,12,0.7567384639885336,0.7597958445525057,0.25738781034677566,0.25181781038471956,0.49754413004671694,0.48677702813249774,1.9330524214661968,0.9627271575605338
0.11450475699382824,13,0.7575042967344818,0.7597374004243225,0.25443070244129884,0.25204311616352976,0.4931208202991044,0.48849335791924475,1.9381340992558678,0.971706170853379
0.11450475699382824,14,0.7591089069311683,0.7565707884946193,0.2511960094823054,0.2536507061478729,0.4922032948148469,0.4970131235579601,1.9594391480550906,0.9849906274863304
0.11450475699382824,15,0.760644050146193,0.7550832900571246,0.2505245007108525,0.2566406205343868,0.4928041014789164,0.5048350562383189,1.9670894466633237,0.9724600289488522
0.11450475699382824,16,0.7644020977621202,0.7610407257903361,0.24722659597911983,0.25117578161889637,0.48622774549361003,0.49399472389073384,1.9667291197694428,0.9655556561076056
0.11450475699382824,17,0.754459811585488,0.7564557972460587,0.25690235986191795,0.2555222383769608,0.5011069008873572,0.4984148726765356,1.9505733663042113,0.9734179077933891
0.11450475699382824,18,0.7589932375655236,0.7577272182014475,0.25472255272577154,0.2563244446583914,0.4892904156971227,0.4923674513236353,1.9208759116978604,0.954496105135335
0.11450475699382824,19,0.7583663981403551,0.7534432512275939,0.2549667661710571,0.26084433976525806,0.49022744742927,0.5015283237883077,1.9227111626790472,0.956348485891864
0.16065060038537288,0,0.7602851567167151,0.7565385078944197,0.25289408842814454,0.2543168032553551,0.49156677920213865,0.49433220305874936,1.9437654009923953,0.9693497792373146
0.16065060038537288,1,0.7541212629226041,0.7600913937547601,0.25766229846067973,0.25056198464618656,0.5016021427429935,0.48777966019597485,1.9467424832412568,0.9776287301497087
0.16065060038537288,2,0.7579115185332802,0.7600963468486551,0.255174210044897,0.25136346006733645,0.4911724638444693,0.4838373359910536,1.9248515112794873,0.9694185761625272
0.16065060038537288,3,0.7599371119890349,0.7607763753274589,0.25307849015134976,0.2558183639544268,0.48172624048582946,0.4869414964555193,1.9034657595662927,0.9470521459244005
0.16065060038537288,4,0.7630992196209587,0.7572335637357338,0.25086783983080313,0.2550878593103175,0.4827163341137257,0.49083643565569146,1.9241857961518383,0.9601356905541433
0.16065060038537288,5,0.7586676275122107,0.760810486771641,0.2559931457847216,0.2543235379395537,0.48762948317199445,0.4844491245411279,1.9048536697231273,0.946298548708803
0.16065060038537288,6,0.7593089903402942,0.756935850864237,0.25256816701746515,0.25607691720339365,0.49361860601213225,0.5004760987677536,1.95439754677397,0.9641061030426582
0.16065060038537288,7,0.7593359327893234,0.7564383234486327,0.2539392637964253,0.2594002536176111,0.4811480099179703,0.4914951470458162,1.8947365709608845,0.9525740843271235
0.16065060038537288,8,0.7578466348659157,0.7579531393445895,0.25113640257510406,0.25213745765048445,0.49359637121706695,0.49556389622550706,1.9654513091524182,0.9914394439857458
0.16065060038537288,9,0.759836688948485,0.7550465683335332,0.25237838786535566,0.25773424326816524,0.4847242852798845,0.4950108759984777,1.9206251746820961,0.9686756849819474
0.16065060038537288,10,0.7562415250857462,0.7621760410816015,0.254946394509864,0.2475052962515998,0.49920881312437043,0.48463844888371765,1.9580932457746754,0.9829137534886446
0.16065060038537288,11,0.7557736029675721,0.7591158891251153,0.2564263840872074,0.25181522112421373,0.4962326343002517,0.487309178344425,1.9351855545858698,0.9756810514295198
0.16065060038537288,12,0.7641085333547403,0.7611815355178188,0.2471978583173425,0.25191078686853424,0.4773609349542443,0.4864620169574762,1.9310884738387493,0.9672707684732147
0.16065060038537288,13,0.7574863431556282,0.7571124754223346,0.25557297983279137,0.25409700009071934,0.49196182329567395,0.4891206556357268,1.9249367582501873,0.9716336849329698
0.16065060038537288,14,0.7614105389701462,0.7565581952485526,0.25024386868414544,0.2556360415340622,0.482470368351707,0.49286648169024827,1.9280007573758973,0.9723899246877568
0.16065060038537288,15,0.7595384921424309,0.7564448019304243,0.25207684307786576,0.25253778926808695,0.49355718173069285,0.49445969740725104,1.9579631976676037,0.9846763513514579
0.16065060038537288,16,0.7594266374676488,0.7618645770544504,0.2567602950999504,0.25231606954701113,0.4851722380604317,0.47677446434263177,1.8895921500306976,0.9456065458751587
0.16065060038537288,17,0.7572497100115996,0.7592303692147686,0.2594918072274405,0.2575039214304919,0.4903965019701688,0.4866397273283963,1.8898342387370404,0.9319572536339198
0.16065060038537288,18,0.7557611035802567,0.7559595473151939,0.255577747900488,0.25413956178425856,0.495745869142379,0.4929562099015587,1.939706696748119,0.9841998109533268
0.16065060038537288,19,0.7574132618352075,0.7573467674223342,0.2560742978770898,0.25645132917746116,0.49165886522981317,0.49238275975118245,1.9199852125174972,0.957529335222282
0.22539339047347912,0,0.758323008672715,0.7549941951239041,0.26265132157535037,0.26572542393177806,0.4754484413777596,0.4810131465741122,1.8101886505884617,0.9104139391890422
0.22539339047347912,1,0.7570635015785477,0.7594186651719582,0.2593237042684048,0.2566460708651354,0.4846896889386171,0.479685050797327,1.8690527744311194,0.9407959985609986
0.22539339047347912,2,0.7589639045449095,0.7587559540487532,0.25895200683621555,0.25862410937181557,0.48264830333500297,0.482037150879403,1.8638523378591656,0.9275389832611868
0.22539339047347912,3,0.7567632850241546,0.7627186009538951,0.25724619724065656,0.25396295891071086,0.4842585289580804,0.47807792772497115,1.8824710886009772,0.9456703095719226
0.22539339047347912,4,0.7575806064485159,0.7615390768738501,0.26139128245456317,0.25728779441963817,0.4823624522756622,0.4747900170635035,1.8453654909455897,0.9187195733723676
0.22539339047347912,5,0.7568505589410388,0.7552039966694422,0.25810956563242227,0.263449705295718,0.4810632743609669,0.49101619906437904,1.863794831401392,0.9378414966334329
0.22539339047347912,6,0.7609009877138039,0.7654020881485614,0.2504390640466272,0.24748603119553195,0.48734340275009574,0.4815969307148161,1.9459560137126264,0.9657311382106155
0.22539339047347912,7,0.7589549262066214,0.7646610509426394,0.25974529324242396,0.25249809199176293,0.4801871054434261,0.4667893166031372,1.8486845303304904,0.9258499245975386
0.22539339047347912,8,0.7618009287300626,0.7547057658014662,0.2546509169735025,0.2667864273840002,0.4688229257431245,0.49116490496571524,1.8410415768968444,0.9202649333253855
0.22539339047347912,9,0.7627770874253417,0.7577934778270068,0.25288703055386935,0.2591660243066149,0.4726567803522053,0.4843924908175632,1.8690431823134606,0.9386091528026891
0.22539339047347912,10,0.7574176590067306,0.7600739223012334,0.2629538591220219,0.2581943309089565,0.4809137334861996,0.4722090790262092,1.8288901904384485,0.9190241579773005
0.22539339047347912,11,0.7579628067638672,0.7609449069832291,0.26014090575141835,0.2586652304580863,0.4806545848893663,0.4779280237070747,1.847670144381919,0.9186935526669443
0.22539339047347912,12,0.7623834030234802,0.7587949697548552,0.25453515866571136,0.2604120640139042,0.47197123045395045,0.48286846863113614,1.8542476918632858,0.9243111742191455
0.22539339047347912,13,0.7608320282696864,0.7570625971231622,0.2563119511864832,0.2624806102558458,0.47483244093536675,0.4862602320689626,1.8525567720792546,0.9231088270640055
0.22539339047347912,14,0.7597023285588541,0.7542989682476205,0.2574454729954158,0.26334614542708806,0.4757927554993547,0.48669796646655,1.8481302077812292,0.9346593845339612
0.22539339047347912,15,0.7565019375973793,0.7569386038687973,0.2655741061452984,0.2644391162291423,0.4794383969996363,0.47738941054568235,1.805290447771781,0.903158675263685
0.22539339047347912,16,0.7600367514880358,0.7641286498177594,0.2574929054614842,0.25257051929633284,0.48382731834220727,0.47457819012307584,1.878992811375062,0.9276803588663953
0.22539339047347912,17,0.7601037303012168,0.754000401042711,0.26120367300998626,0.26616222021411456,0.4756909012440799,0.4847211562983529,1.8211493573671662,0.9083755628312887
0.22539339047347912,18,0.7607139985527056,0.7538406431584812,0.2534670316258451,0.26302600743655297,0.47679464041912817,0.4947759471208588,1.8810913488857504,0.946102552611283
0.22539339047347912,19,0.7558837656099904,0.7619523504956828,0.25977169013053814,0.2535059150105124,0.4916664277771737,0.47980727842579485,1.8926867185954939,0.9424335172970563
0.31622776601683794,0,0.7550369040494713,0.7581311409665129,0.27142957092734954,0.2668577121340671,0.4770543318996855,0.4690190060701619,1.7575621192260338,0.878399476625429
0.31622776601683794,1,0.7569169169169169,0.7556843156843157,0.2698717695095026,0.2714324919031141,0.472008658721143,0.47473837915460493,1.7490108712705605,0.8696684467051672
0.31622776601683794,2,0.7514578725115625,0.7597374179431072,0.2773234956165527,0.27115055856274334,0.4752364117287157,0.4646581358103428,1.713653618393054,0.8545751300929607
0.31622776601683794,3,0.7596184419713832,0.7534621578099839,0.26529037623881135,0.26910968662368634,0.4754274171684404,0.48227201099573835,1.7921020125527136,0.8874158610260502
0.31622776601683794,4,0.7567093352474379,0.7548449223608715,0.2691005233396335,0.26958539100879386,0.4710720794092306,0.4719208611890467,1.7505431560037787,0.8871205258577911
0.31622776601683794,5,0.7582417582417582,0.7539139139139139,0.27453835560398043,0.2787590886645352,0.4625379673129302,0.4696489929694529,1.68478450413733,0.8375944117859451
0.31622776601683794,6,0.7575334821428571,0.7615205523442518,0.2721601890048442,0.2659673974405007,0.46969456547842764,0.45900703416259286,1.725801878650472,0.8581779679832241
0.31622776601683794,7,0.7549782513268686,0.7581893268112746,0.27171208746284203,0.26748315528926203,0.47801514039181925,0.4705753035206025,1.7592707959935356,0.873605293994587
0.31622776601683794,8,0.7560829437852091,0.7489087341315926,0.27233355332802384,0.2794457509147965,0.47098918013372687,0.4832894202965993,1.7294570367038973,0.8663657073672404
0.31622776601683794,9,0.7565217391304347,0.7541625074865242,0.27035316648175306,0.2738272080937478,0.4673360264752705,0.47334130033200905,1.7286131046917566,0.8726936845964042
0.31622776601683794,10,0.7544432932175021,0.7562434754677587,0.2735125949445352,0.2699048507206146,0.47658437037538054,0.47029802546398336,1.7424585894189832,0.8717735085318085
0.31622776601683794,11,0.7546129121860243,0.7589418928182587,0.2734215593656778,0.26476926989729854,0.481744903976902,0.46650032571908395,1.761912649077572,0.875673634086534
0.31622776601683794,12,0.7581051369178493,0.7566139683810286,0.2670558767417093,0.268144471302049,0.46978494853535907,0.47169992358007484,1.7591260460810791,0.8844407650506985
0.31622776601683794,13,0.7578859327704317,0.7542583962718946,0.2705643749228313,0.272754956347828,0.46872996579656423,0.4725249634074143,1.7324156808532258,0.8677441386181908
0.31622776601683794,14,0.756249497628808,0.7576240146508479,0.26804015400054204,0.2687611974697208,0.47273234543047205,0.47400402269693687,1.763662415406298,0.8798903909671529
0.31622776601683794,15,0.755181604805665,0.761372320315328,0.2714669693873148,0.26239962008447015,0.4791344313396624,0.46313071913194226,1.764982430168359,0.8795885815112768
0.31622776601683794,16,0.7556806836787668,0.7598461476821988,0.27051172060864787,0.2651793127672347,0.478316504736082,0.46888778691641325,1.7681914249773578,0.8752868940503095
0.31622776601683794,17,0.7591492776886035,0.7580542264752791,0.2691451508644058,0.2718944713040775,0.4647063728549298,0.4694533531562,1.7266013203746957,0.853908160933973
0.31622776601683794,18,0.7580477258167841,0.75471547314578,0.2687038692593124,0.27245519747630065,0.47090553050452555,0.4774797611212521,1.7525074417520898,0.8684590961591073
0.31622776601683794,19,0.7582751048113396,0.7563614506110999,0.2664376380149524,0.26771672317316014,0.47459881189727876,0.47687721483210277,1.781275406257146,0.8835136426833461
0.44366873309786115,0,0.7489339656477902,0.7460954751676235,0.2958733093164906,0.29776710250295674,0.4658724265842282,0.4688543313368598,1.574567262117897,0.7924127063237733
0.44366873309786115,1,0.7477275457494094,0.746953290446318,0.29803489134397876,0.2992491295209077,0.46509771014519713,0.46699258692661644,1.5605478541383324,0.7853783078559617
0.44366873309786115,2,0.7425944433339996,0.7491695017010206,0.3023376856743396,0.29450609023797775,0.4784118343669655,0.4660193073474738,1.5823757905003037,0.7912474503875536
0.44366873309786115,3,0.7452445652173914,0.7448350416399744,0.29762729669925075,0.2975929642975476,0.4741988925897548,0.4741441920060109,1.5932641187442151,0.8017775913704552
0.44366873309786115,4,0.751047444236064,0.7482657684750792,0.2923052420339531,0.2942676879655779,0.4643193618646675,0.4674366567729816,1.588474290210416,0.7945500920761541
0.44366873309786115,5,0.7504400704112658,0.7481602943529035,0.2930890534996188,0.2956845905064302,0.46192493504182075,0.46601564825322894,1.576056592787153,0.7946946597393126
0.44366873309786115,6,0.74892,0.74844,0.29316638495808206,0.2937902969038491,0.46632410750711684,0.467316530909665,1.5906465796676978,0.8020514086339529
0.44366873309786115,7,0.7491083951112002,0.749490916350569,0.2932259612366412,0.29324319792525594,0.468335731619563,0.4683632617780082,1.597183720174093,0.7945648674886608
0.44366873309786115,8,0.7495991662658329,0.7418170205971579,0.2916111703330117,0.3018047906382675,0.4662414598038117,0.48253949257937645,1.5988463654234408,0.8002037891454972
0.44366873309786115,9,0.7468497121462216,0.747704781209014,0.2960814991033867,0.2977557468245288,0.46718543691904063,0.46982722357400264,1.577894729437003,0.7923361717985155
0.44366873309786115,10,0.7462896109105496,0.747746310331073,0.30346381702438946,0.30302244357441827,0.4623333383554913,0.46166089686777917,1.5235204740021226,0.7686999410835464
0.44366873309786115,11,0.7473503864849789,0.7474500040157417,0.2994242992107907,0.2975574384918319,0.46749914977634294,0.46458437031066674,1.5613266892785804,0.7856818119006338
0.44366873309786115,12,0.7442805898764449,0.744078683259735,0.29987965845103787,0.29872196174291654,0.4758939996380877,0.4740567929411031,1.5869499188314842,0.7988439203725527
0.44366873309786115,13,0.7468455200413964,0.7523817180528198,0.3002763028121443,0.2917347221703368,0.46783901329549854,0.4545309879134652,1.5580284188732105,0.7864091027685413
0.44366873309786115,14,0.7533260983158487,0.7442378886190837,0.2853757225455775,0.2979373702817025,0.4582909876076684,0.47846400686668716,1.605921427091523,0.8101822998802731
0.44366873309786115,15,0.7485037156055433,0.7454291973710416,0.2932329592422887,0.29877957053345733,0.46819681736390917,0.47705293558605677,1.596671869948472,0.794416886514448
0.44366873309786115,16,0.7460821345334726,0.7438082344509038,0.28996153068350955,0.2947593267157348,0.4755571669001686,0.4834258875648429,1.6400698595402128,0.8280304616195365
0.44366873309786115,17,0.7495195387572069,0.7480418797953964,0.2955353410290221,0.2978108356685751,0.4647991155078653,0.4683778681948519,1.5727361536169753,0.781437197562496
0.44366873309786115,18,0.7473667411426748,0.7469923002887392,0.29559177282846616,0.29490907524316806,0.4723699875929708,0.471279003744499,1.5980484946280633,0.7982156865325596
0.44366873309786115,19,0.7459777475386217,0.7438634364755736,0.3015162711774903,0.3041749108438874,0.46827294208399645,0.47240196972705895,1.5530602718562518,0.7775520547719377
0.6224688843995446,0,0.7351680487120938,0.7350720933019131,0.341203631810387,0.3417244212715431,0.46658626537192704,0.4672984301529307,1.3674715679205238,0.6808520245966775
0.6224688843995446,1,0.724089691834206,0.7352387814739202,0.3540839515216531,0.33972544019108736,0.48719460353139954,0.46743830222224997,1.3759296388263629,0.6865393650252347
0.6224688843995446,2,0.7257247677154365,0.7295670665650202,0.35643292201159865,0.35005959609917553,0.4828233473286682,0.4741900523645388,1.3545980674393392,0.67498951624592
0.6224688843995446,3,0.7303163796555867,0.7321214542548942,0.3465195761748479,0.34472148666091396,0.47482961164606236,0.4723657215679581,1.3702822128769758,0.6854743196302199
0.6224688843995446,4,0.7332185197052227,0.7280680728667306,0.3416881547788748,0.3487761193876398,0.46971942589541577,0.479463265768796,1.3747021057823823,0.6908754125748757
0.6224688843995446,5,0.7299856184084372,0.7294136494713233,0.349057462236766,0.34936078436384044,0.4755180110771355,0.4759312242302303,1.3622914921514877,0.6792274290194987
0.6224688843995446,6,0.7323955016324721,0.729744750109166,0.3413097847860619,0.3481852357466879,0.4699663534319948,0.4794335025153159,1.3769495466605997,0.6885551714230751
0.6224688843995446,7,0.7331631024577082,0.7312319538017324,0.34575091327564955,0.3470957364530698,0.4703026977220754,0.4721319740710743,1.3602355906060242,0.6774108867956067
0.6224688843995446,8,0.7306107755689772,0.7275491019640785,0.3452479870214218,0.34926254259944683,0.4757134262664283,0.48124503850097206,1.3778890656845784,0.6880863765330706
0.6224688843995446,9,0.7352152152152153,0.7293906093906094,0.33516906797426976,0.34295030658764525,0.470886041313425,0.4818180663636865,1.4049209378401646,0.6993839058820799
0.6224688843995446,10,0.7285634073955242,0.7274395595627543,0.3439393828369263,0.34671455777674554,0.48115941345965113,0.48504178812485327,1.3989657406804896,0.6975049268088975
0.6224688843995446,11,0.7282296650717703,0.7320626003210273,0.34511553266989675,0.3385902004835028,0.4841271819581188,0.4749734627432807,1.4027974290603338,0.7005675985184103
0.6224688843995446,12,0.7339427567761766,0.7298889735059522,0.34412436990710793,0.3482333037536666,0.46989602557560517,0.4755067054712842,1.3654831411749413,0.6778391363384303
0.6224688843995446,13,0.7317620650953984,0.7356298898291553,0.34869155910627425,0.3444356114488423,0.4706511691263111,0.4649066459556191,1.3497635857106194,0.6697586967296149
0.6224688843995446,14,0.7279317526433835,0.7360578459571748,0.3573210677983899,0.3471151958361213,0.4731040125771744,0.459591126233953,1.3240305574260522,0.6654097304250959
0.6224688843995446,15,0.7274027005559969,0.7254230459307011,0.35488896669425807,0.35418079910148687,0.4795894015258102,0.4786323989028188,1.3513787311933632,0.6802056259558836
0.6224688843995446,16,0.7234255115089514,0.7312219730941704,0.3532118314001102,0.3425669982317552,0.4906023153965089,0.4758169109022615,1.388974750511021,0.6919603906548676
0.6224688843995446,17,0.7300782497604599,0.731845142673934,0.34006199614300225,0.3370164830027344,0.4812888549896169,0.4769785481962669,1.4152973882657154,0.7093952715063705
0.6224688843995446,18,0.7263816392397497,0.7300325262016625,0.34791045710383417,0.3412749796485994,0.49039906332382655,0.48104599024910044,1.4095553994155068,0.6931373097679536
0.6224688843995446,19,0.7292688812032494,0.7288533460650911,0.3382378984284111,0.3409738932348864,0.4809176881461589,0.48480781489784364,1.4218326520496232,0.7152297374590882
0.8733261623828438,0,0.7028637708983282,0.7055764461156893,0.41395796776878774,0.40981308363332497,0.5044455680950598,0.4993946484481416,1.2185912758582607,0.6121182474654929
0.8733261623828438,1,0.6984317490798527,0.7022476403775396,0.43450940522118287,0.4289251218167853,0.5054731550043757,0.49897685062766717,1.1633192490898314,0.582040470635286
0.8733261623828438,2,0.7092700583149004,0.7010145215834493,0.41484607714051064,0.42959125957591354,0.48828753981890544,0.5056431067443344,1.1770330412296988,0.581849002225242
0.8733261623828438,3,0.6992816149616727,0.7026272774389029,0.43344520889140065,0.42993686320114577,0.5025859235566125,0.49851794651424913,1.1595143128748597,0.5811309862294975
0.8733261623828438,4,0.7047748214926802,0.7029000040110706,0.43192610521880037,0.43315961541004067,0.49313780118299677,0.49454612194920033,1.1417179819061607,0.5705157491785062
0.8733261623828438,5,0.7024119035238591,0.7041081643265731,0.4281161477041121,0.42557317196061784,0.5002972625184763,0.4973255367147573,1.168601710543867,0.5794395936079517
0.8733261623828438,6,0.7045391033574194,0.7058234138912268,0.4279365596188384,0.4252413222649558,0.49520974922790106,0.4920908107214208,1.1572036510948787,0.5769218882728531
0.8733261623828438,7,0.702197363164203,0.7013616339607529,0.4345331789999359,0.43509356832142254,0.4990910048811543,0.49973465025302016,1.1485682313829204,0.5664526467862577
0.8733261623828438,8,0.7026344280043305,0.7007302182674274,0.43080729612241975,0.4347098310326176,0.4955964381301129,0.5000858755620706,1.150390076005775,0.578856296393151
0.8733261623828438,9,0.7025040936139623,0.7080245182484676,0.43711651662036427,0.4277592268367866,0.4953531241690544,0.48474917178608823,1.1332290255215147,0.5686251622338838
0.8733261623828438,10,0.7008451602615213,0.7077379996789211,0.4326768817891427,0.42058026361898954,0.5023931780600994,0.4883474577961625,1.1611278513025147,0.5804501316389461
0.8733261623828438,11,0.6985158443642198,0.6996011168727563,0.4414715033310783,0.4416691196211521,0.4991835442618192,0.499406994245201,1.1307265372629502,0.5725926342672601
0.8733261623828438,12,0.7032661017623424,0.7048626473072437,0.4250689359583677,0.42023350901175155,0.5007781031673116,0.4950814367457322,1.1781103270655353,0.5880891363835553
0.8733261623828438,13,0.7017557925118255,0.6977728107288257,0.4352560744008867,0.4422478701256869,0.49640951871649047,0.5043836611922491,1.1404999215686515,0.5709007413070801
0.8733261623828438,14,0.7090887357054628,0.7065413805565595,0.4281187905028027,0.430051577954934,0.4847829543216761,0.4869715581202145,1.1323561709410708,0.5668585291296573
0.8733261623828438,15,0.7040086327484912,0.7083550182153009,0.4422863981115811,0.43522951254391834,0.48881138048124584,0.4810121671413023,1.1051919809614568,0.5564874037779413
0.8733261623828438,16,0.7057431619475415,0.6967605521423442,0.41790417718941014,0.43210481444558885,0.49373563830268197,0.5105130745732135,1.1814565760583486,0.5956184226128788
0.8733261623828438,17,0.7019878166078871,0.7044474608751198,0.44781278446504774,0.4451125319625025,0.4896884239479862,0.48673566681798913,1.0935114872456413,0.5522890984016054
0.8733261623828438,18,0.7029104447736099,0.7042883977458935,0.43374535235789435,0.4319268774265288,0.49530817539469835,0.4932315986766786,1.1419331013050416,0.5706316742032985
0.8733261623828438,19,0.7034592445328032,0.7119517102615694,0.4321748699208617,0.41700395289478276,0.49800157078644314,0.4805198960406589,1.1523149665727566,0.5719336434194146
1.2252798573828652,0,0.6729998396665063,0.6702458885518122,0.557444399580917,0.5633334161324687,0.5197241117965024,0.5252146394597296,0.9323335424792635,0.46247511779990425
1.2252798573828652,1,0.6715203255275861,0.6736453695905026,0.5531783875758293,0.548607129750784,0.5246096159074088,0.5202744396502164,0.9483552280601268,0.4729538159624643
1.2252798573828652,2,0.6658586019155108,0.6740347062849781,0.5700670761500941,0.5524453928392022,0.5320357120519792,0.5155896389140939,0.9332861593148706,0.4719902739162803
1.2252798573828652,3,0.6678477585795047,0.6676312193553573,0.5912380743295779,0.5892127669012295,0.5239773914463154,0.5221824879222381,0.8862375651981965,0.4398833344042414
1.2252798573828652,4,0.6756235691047114,0.6725092618412142,0.5628478713095253,0.5705308453048175,0.5117379552851747,0.5187232697960256,0.9091940848857828,0.45371417661628094
1.2252798573828652,5,0.6641666001755366,0.6696478703777974,0.5610277270161382,0.5507032030232502,0.5380347589479147,0.5281333717075553,0.9590163427563322,0.4780732189340549
1.2252798573828652,6,0.6655230192292348,0.6655971765460816,0.5540408952267922,0.5526300336390708,0.5374026939100025,0.5360342013952663,0.969969362442137,0.48321371520583967
1.2252798573828652,7,0.6640208458608939,0.6703651965675513,0.5901551721114615,0.5793492118428292,0.5302809274154651,0.5205712867927057,0.8985449123799459,0.44626706230618146
1.2252798573828652,8,0.6673769700868446,0.6658707418019739,0.5928158614384964,0.5983031147026865,0.5209566061492993,0.5257787120063483,0.8787831770984886,0.4398001255278344
1.2252798573828652,9,0.6677747516821532,0.6702620645573666,0.5697171383811042,0.5659817725624129,0.5269088997765581,0.5234542073314925,0.9248605391682809,0.46234915988400155
1.2252798573828652,10,0.6698049228068775,0.6703966630569927,0.5762974473553545,0.5739099804508067,0.5218435300774925,0.5196816531454849,0.9055107435791142,0.4545076591073974
1.2252798573828652,11,0.6684595006823473,0.6645539344654389,0.5855307933506333,0.5941321887604895,0.5217491593894589,0.5294136082547151,0.8910704019575276,0.4428042482857311
1.2252798573828652,12,0.6715929062150503,0.6662794423970517,0.577015309752537,0.5854316569586473,0.5192733335432073,0.5268474560943892,0.8999299061335246,0.44522456524879844
1.2252798573828652,13,0.6692979308695132,0.6668138218886703,0.5813723663511075,0.5839465098519145,0.5224580552500433,0.5247713437467209,0.8986633790821009,0.4488356037684502
1.2252798573828652,14,0.667039641943734,0.6680413196668802,0.5809712383420242,0.5785375695706628,0.5258098618447464,0.523607262204707,0.9050531715568273,0.45514844273862975
1.2252798573828652,15,0.6783057355411567,0.6744139531162493,0.550251944715584,0.5571996191635394,0.5100605907978514,0.5165007950854109,0.926958270109328,0.4647803339677667
1.2252798573828652,16,0.6689340588988476,0.6659468969929623,0.580595223370739,0.5862092445907763,0.5223256805249439,0.5273762688456903,0.8996382669021941,0.448627936658547
1.2252798573828652,17,0.6685514918190568,0.6668129588254069,0.5714548478538516,0.5756859719503312,0.5244878610459761,0.5283712356214425,0.917811552418771,0.4591998571655127
1.2252798573828652,18,0.667412676844377,0.6713107534630475,0.5895566986399517,0.5821614357111148,0.5236525843793632,0.5170840074235183,0.8882141201811078,0.44285713873032384
1.2252798573828652,19,0.6680411545698387,0.6715958594780385,0.5818174658285601,0.5757760054034761,0.5236473305269712,0.518209895575488,0.900019956914237,0.4495230658365271
1.7190722018585747,0,0.6315097945532728,0.6357900659058029,0.7983680698523458,0.7866799780907958,0.5585360054786553,0.550359050098449,0.6995971238954406,0.347762118497543
1.7190722018585747,1,0.6397632284125905,0.6412769532343882,0.7795672019728053,0.7758619493520027,0.5449763083947696,0.542386057176087,0.6990754703579497,0.3465723460784018
1.7190722018585747,2,0.6336229330984505,0.636614314830356,0.7789668108119966,0.772593154470586,0.555118695144483,0.5505766071602015,0.7126345916661406,0.3595389308065257
1.7190722018585747,3,0.6370405957242373,0.6349612341139796,0.799702958138614,0.804424232266208,0.5467670485221475,0.5499950434841983,0.6837126747596391,0.3421361758848548
1.7190722018585747,4,0.6374625972471574,0.6330058151193102,0.7569660521089362,0.765184566180502,0.5526596320631477,0.5586599552615832,0.7300983056286566,0.36338576334949496
1.7190722018585747,5,0.636701872299568,0.6326187809950408,0.7711648107816853,0.7799483704764326,0.551284897260227,0.5575640268784334,0.7148729941417079,0.3572569034265703
1.7190722018585747,6,0.6353314074787354,0.6262561812091243,0.7911017313797684,0.8134243226820083,0.5493319689175037,0.5648325202941428,0.6943885307385289,0.3525643145780137
1.7190722018585747,7,0.6315115115115115,0.6328871128871129,0.7784607458028897,0.7757120794030802,0.5591521134654936,0.557177803733177,0.7182791380043122,0.36244651834784375
1.7190722018585747,8,0.6316315116650687,0.6331304069208586,0.7906696953225917,0.7865744155343809,0.5580576164935028,0.5551671527625633,0.7058037253670338,0.35447688178148257
1.7190722018585747,9,0.6361482552302935,0.6320675777981432,0.8157977888988158,0.8273314482441819,0.5459172300713849,0.5536353477815448,0.6691820418001838,0.3337218422239046
1.7190722018585747,10,0.629957009120495,0.6376886623392138,0.8166592198937391,0.8012119869432011,0.5568591638431997,0.5463260883387719,0.6818745815612738,0.34117440114865505
1.7190722018585747,11,0.6360286755576915,0.6321361511725461,0.7797214074134937,0.7890166846446002,0.5511549412613794,0.5577254136475529,0.7068613687158863,0.3526976546345001
1.7190722018585747,12,0.6376679119306892,0.6410338996698607,0.7595613294430846,0.7485880625010322,0.5525207358699588,0.5445385528773548,0.7274208341742077,0.3636152832074936
1.7190722018585747,13,0.6320278712157616,0.6353683874061051,0.7942917176210623,0.7877185717616986,0.5566629142419545,0.5520562609826585,0.70082930728421,0.34931256035847996
1.7190722018585747,14,0.6338174273858921,0.6369906961822265,0.8015440382139555,0.7930705734941926,0.5537409153207042,0.5478870833586895,0.6908427845768527,0.3420616723878235
1.7190722018585747,15,0.634901536116793,0.6372521641999441,0.7843866064858105,0.7800003581135178,0.5524164711871019,0.5493273875292004,0.7042655581053641,0.35192137867210105
1.7190722018585747,16,0.634492718738717,0.6344274717823954,0.7625573981682998,0.7644741956425067,0.5556570450481366,0.5570537687872702,0.728675698882277,0.36478078901063604
1.7190722018585747,17,0.6343781193851068,0.6303346022841114,0.7805751066904718,0.7884990622155007,0.5547457166339627,0.5603771803440281,0.7106884550623273,0.3551338916195776
1.7190722018585747,18,0.6329715061058344,0.6363563467244006,0.7768641286591819,0.7685378865625195,0.558670588434905,0.5526828920025543,0.7191355191018215,0.35513070627413545
1.7190722018585747,19,0.6386993816078197,0.6353719671144977,0.7924500942145769,0.798852631845669,0.5446973299467308,0.5490981687856685,0.6873585275885393,0.3457519452817755
2.411864699640997,0,0.605824149304159,0.6044235818283077,1.1716649866857456,1.178857257944665,0.5707234666729567,0.5742268554682076,0.48710465291563027,0.24353487225305318
2.411864699640997,1,0.597482259551778,0.6054196432134733,1.1604687778794667,1.136630592609319,0.5856648119535787,0.573634168338102,0.5046795080723916,0.2565628043630561
2.411864699640997,2,0.5973186497486234,0.6025743844734943,1.1553288240965043,1.1380919629397115,0.5879295884521804,0.5791580071718071,0.5088850690728294,0.2525935388593314
2.411864699640997,3,0.5999760392955553,0.6003044993789816,1.1766728399174764,1.174703195910307,0.5818556218339448,0.5808816481008012,0.494492268449701,0.2457964123073996
2.411864699640997,4,0.5977288230809358,0.5999043024044021,1.1347374629851916,1.1296812439418555,0.5877657686239176,0.585146772980186,0.5179751156515646,0.2570821468097157
2.411864699640997,5,0.6052348082831265,0.602959457833741,1.043032111916737,1.0483837062206829,0.5810920339722405,0.5840735038460295,0.5571180669638174,0.27982259482582456
2.411864699640997,6,0.6021850899742931,0.6040471637985978,1.144088832475689,1.140431086818665,0.5785423670048895,0.5766927196958275,0.5056795858700798,0.25442205980612337
2.411864699640997,7,0.6081389300148053,0.5995441641009237,1.1892546536687927,1.217648938204173,0.5665043933942601,0.5800300810062082,0.4763524713959467,0.23744734324076416
2.411864699640997,8,0.6051699146400387,0.6041567318391353,1.1033686297750407,1.109647871266509,0.5762500590374837,0.5795294827790368,0.5222643126576582,0.2590852864110123
2.411864699640997,9,0.6085914085914086,0.6004004004004004,1.0352284969935663,1.0577981780977659,0.5760925518759455,0.5886523154644718,0.5564883052862153,0.2766594146535261
2.411864699640997,10,0.6058096266954748,0.6030311512776423,1.0673481770859459,1.0757433927244027,0.578638877865307,0.5831901557526563,0.5421275740078519,0.26809846345862887
2.411864699640997,11,0.5984188771620049,0.6065547625692755,1.0482011660493713,1.0272150868207082,0.5933900231819602,0.5815097367986417,0.5661031893509751,0.27741434821834127
2.411864699640997,12,0.6034006801360272,0.6036392721455709,1.124497327827688,1.1237146747221476,0.5786987120382775,0.5782959362086328,0.5146288014362932,0.25656939744519547
2.411864699640997,13,0.5992343581768154,0.6004895076836657,1.1265700447375688,1.1216899667308058,0.585927430638327,0.5833893092128781,0.5200985357060661,0.26066634801690114
2.411864699640997,14,0.5970858283433134,0.6066933867735471,1.0940968105582716,1.0654924570423432,0.592100011286907,0.5766199935442414,0.541176983218499,0.27000353706311625
2.411864699640997,15,0.6053707414829659,0.5972455089820359,1.1069300155270334,1.1323613501404717,0.5762334365364418,0.5894722006267193,0.5205689867051663,0.2586506718181907
2.411864699640997,16,0.6082842134808933,0.6059215514145485,1.1433845304068895,1.1517825742152528,0.5688744928785396,0.573052818529801,0.4975355864541019,0.247143926539741
2.411864699640997,17,0.5987064116985377,0.6053050820455632,1.1254936392248294,1.1077408075947133,0.5857187430679396,0.5764799825224336,0.5204105315702597,0.26230946958536894
2.411864699640997,18,0.6001998401278977,0.6032025620496397,1.1111744058836521,1.1018499594180466,0.5849972171628827,0.5800881990959793,0.5264675050697092,0.26410335563609544
2.411864699640997,19,0.6061067478762622,0.602220092636959,1.0594229707458505,1.0716178081011796,0.5777509354631435,0.5844013280678102,0.5453449202223714,0.27348138706930897
3.3838551534282333,0,0.5686024758189706,0.5755517144350203,1.7973686219627676,1.7632927811751093,0.6106347256095144,0.599057861834869,0.3397381695373581,0.17253389033194283
3.3838551534282333,1,0.5722679670637141,0.5752942118325194,1.9170291843018843,1.9017876063510526,0.6018948193159215,0.5971093800112266,0.313972694961924,0.15669994342924248
3.3838551534282333,2,0.5789326067793894,0.5747943454995608,1.716614325228047,1.7357337788736116,0.5955847102508822,0.6022182645049142,0.3469531283165545,0.17287321485676588
3.3838551534282333,3,0.5738615919721745,0.5757794052907512,1.5476644821737078,1.5395587381464346,0.6096689112300833,0.606475828883917,0.3939283470366899,0.19577793550070724
3.3838551534282333,4,0.5741402142943136,0.5725050835293649,1.7970973871542268,1.8062093916018713,0.6007892537543639,0.6038354962070202,0.33431090493417104,0.1693619419829988
3.3838551534282333,5,0.5755809310868003,0.5732948625470866,1.6498363132122136,1.6586953375242182,0.6036223523987712,0.6068635861213812,0.365868024339654,0.18103620861640513
3.3838551534282333,6,0.5724299996017047,0.5749005744586831,1.5742555466461794,1.5622909827949298,0.6112606173169725,0.6066149505437323,0.3882855096932721,0.19421412857541331
3.3838551534282333,7,0.5717189430473077,0.5755750933397568,1.5850190362884367,1.5677697219326823,0.6120544206735448,0.6053936053373775,0.38614957086368085,0.1929882727205431
3.3838551534282333,8,0.5831083227445998,0.5778529980657641,1.5933947703717517,1.6114579730021976,0.5930857680306789,0.5998091667792969,0.37221520934972524,0.18556253555163002
3.3838551534282333,9,0.5796410544026921,0.5745666586788082,1.7179429046585946,1.7412342979726636,0.5945331511712157,0.6025936667009408,0.34607270681639263,0.1716100511243671
3.3838551534282333,10,0.5765683025196662,0.5802780782946668,1.7346510215004327,1.7169398349783787,0.5989871941870242,0.5928713969522629,0.34530703107586114,0.17418498866002113
3.3838551534282333,11,0.5753851065527975,0.5719268703391869,1.704286014287966,1.7175933853093879,0.6023585791791631,0.6070619030543066,0.35343749472169594,0.1758704145330292
3.3838551534282333,12,0.5765289785462696,0.574272465622002,1.5872720309644583,1.59675690763092,0.6032614081665526,0.6068662471245093,0.38006176408211445,0.19087949589980338
3.3838551534282333,13,0.5756777258753544,0.5779265018234281,1.61163608013187,1.601538526812546,0.6040685473818712,0.6002838130731084,0.3748169669497869,0.18857117098053422
3.3838551534282333,14,0.5766829424477707,0.5748780682817622,1.605498870921153,1.612979693155993,0.6022990148297273,0.6051054271815312,0.37514757919708713,0.18931688534966043
3.3838551534282333,15,0.572586734491118,0.5777267785964488,1.8093169980933674,1.7825071439106406,0.604396819302193,0.5954410693639174,0.3340469469634662,0.1664971709341982
3.3838551534282333,16,0.5783373301358913,0.5742994395516413,1.7696325495357543,1.7874171671633694,0.5952361431902662,0.6012182026904446,0.33636143466417395,0.16873630897621522
3.3838551534282333,17,0.5686707336651148,0.5722372827300272,1.920444042758145,1.9051400110743042,0.6072210438473798,0.6023820952046541,0.3161878348589048,0.15840297891319885
3.3838551534282333,18,0.5711824337861121,0.571536956434932,1.5068627678641324,1.505837034120424,0.6150777720610615,0.6146590836182497,0.4081843318306213,0.20535860888661897
3.3838551534282333,19,0.5746020289506396,0.5767128207174494,1.6395954934482142,1.6315378697795733,0.6047969724536191,0.6018247598442054,0.36886962355676983,0.18496555749711832
4.747561378997426,0,0.559190031152648,0.5580482333146383,2.3737006377570653,2.380115151939601,0.6152800732672242,0.6169427609260747,0.25920710618699117,0.12898224936935032
4.747561378997426,1,0.5638666507348549,0.554131683605833,2.2875773458189017,2.3422920106064433,0.6087520523717397,0.6233122876989191,0.2661121179069117,0.13458752460336057
4.747561378997426,2,0.5566804049457805,0.5578391778959575,2.4852689382150697,2.478255643941701,0.6176391693385639,0.6158962250709542,0.24852005344023445,0.12424890088510729
4.747561378997426,3,0.5530904592793584,0.5568787842335298,2.306098625350424,2.28289663176992,0.6263545701042693,0.6200527257013786,0.27160788494424926,0.13574520777730734
4.747561378997426,4,0.5570748870496981,0.5573652407059106,2.2500641571936706,2.248346508413843,0.6202284663941419,0.6197549978198748,0.27564923622787024,0.1392319762833306
4.747561378997426,5,0.5530072173215718,0.5558659217877095,2.3742068889857286,2.358545446001864,0.6250850709959234,0.6209617006843959,0.2632816347622352,0.1314426273294976
4.747561378997426,6,0.5601148462734777,0.5579585122176303,2.1739840496489125,2.184094956995758,0.6170906623544673,0.6199606680073042,0.2838524332568697,0.1415124266768204
4.747561378997426,7,0.5578867441953402,0.5553509228490211,2.294698392860485,2.3091371065606907,0.6180632131363036,0.6219521938454329,0.26934398658197917,0.13679126309007889
4.747561378997426,8,0.5508145538966497,0.553063916536755,2.22123311225846,2.2090781325088895,0.6310688896202032,0.6276155692408225,0.28410745641125346,0.14305415211337985
4.747561378997426,9,0.5563168650078134,0.5560036736812682,2.1926788810690603,2.1950490137635805,0.6226669648980344,0.6233400243888902,0.28397544678062825,0.14157573865776227
4.747561378997426,10,0.559958248022803,0.5595233350603802,2.1645384545814172,2.168360055018951,0.6172733923492429,0.618363219264208,0.28517552600774304,0.14093062510549106
4.747561378997426,11,0.5555909398511206,0.5535994211986013,2.843841065574073,2.855452105087872,0.615716772897901,0.6182306657683463,0.21650885499594863,0.10772166037314257
4.747561378997426,12,0.5532596508089059,0.5587741729263225,2.6181028892339744,2.5831004547030805,0.6210733125548249,0.6127699421827207,0.23722265274935148,0.12068710480140792
4.747561378997426,13,0.5566350805645516,0.553683620793149,2.589031323222257,2.607709321199357,0.6166708000362535,0.6211196361134003,0.23818591706675737,0.11806303904155348
4.747561378997426,14,0.5582844135617587,0.5546696582395128,3.222096482961223,3.250546380622396,0.6078666676922136,0.6132339012865312,0.18865563800049906,0.09435004547277777
4.747561378997426,15,0.5521626470001993,0.5540838852097131,2.5277949313023136,2.5143480015520603,0.624771944192393,0.6214483896035894,0.2471608501368867,0.12289408605928359
4.747561378997426,16,0.5555334553265971,0.5547019547904433,2.3063512965614374,2.3082291456164223,0.6222962513277455,0.6228029297462582,0.2698185017414881,0.13610932026937592
4.747561378997426,17,0.5544708320051004,0.5507950530035336,2.3564615324258527,2.3763977247832893,0.6235608580336673,0.6288363225559037,0.26461745691717037,0.13093288127943395
4.747561378997426,18,0.5508240105858294,0.5570408203982283,2.7336546463701783,2.6933254364691224,0.6241046372536802,0.6148973121991248,0.22830412688829713,0.11344442146020994
4.747561378997426,19,0.5514104824491104,0.5473965820156524,2.385788291981686,2.4108168951752353,0.6272939837608177,0.6338747404264518,0.26292944175686855,0.13251026357941356
6.660846290809161,0,0.5379845581469777,0.5398552173739152,3.018134053866122,3.004133657384307,0.6421265291039432,0.6391478588929792,0.21275613264473855,0.10672081099673557
6.660846290809161,1,0.5354733101768675,0.5404560573878893,3.858361455008697,3.8107665567657993,0.6400440405960051,0.6321487639770675,0.16588493536942675,0.0837749752305691
6.660846290809161,2,0.5401715597438685,0.537049545075291,3.5561613913065155,3.5868936995760916,0.6339676020985897,0.639446343257033,0.17827301191908876,0.08966670953262695
6.660846290809161,3,0.5356499459546019,0.5375084928659926,3.4312590324892587,3.4162564480308655,0.6424744454780578,0.6396653374977572,0.18724160414434377,0.09375167784823338
6.660846290809161,4,0.5374890324639069,0.5384738826927706,3.6088667365938103,3.598282697931763,0.6384119010594121,0.6365395747208947,0.176900935295264,0.0891675954544328
6.660846290809161,5,0.5383908963865043,0.5333199759567221,3.2049543293382827,3.244068468853692,0.6397853267532165,0.6475934419271084,0.19962385139051608,0.10046443440666294
6.660846290809161,6,0.5367062302681533,0.5413380309885094,3.725338120936159,3.6829141416808464,0.6388853383232369,0.6316097414620485,0.17149727557150923,0.0860958948722819
6.660846290809161,7,0.539837594468564,0.5398423817863398,3.6683601885369455,3.6709287375357698,0.6340340885989052,0.6344780329063863,0.1728385589234566,0.08612891983622663
6.660846290809161,8,0.5391921134888195,0.5387686656551944,3.1154668817547946,3.119777817164498,0.639344788594548,0.6402294630888598,0.20521636494958836,0.10177899162068678
6.660846290809161,9,0.5363038948549447,0.534938508225523,3.718174376891593,3.731489055329973,0.6394356982516973,0.6417254996007561,0.17197571534723657,0.08635708251847697
6.660846290809161,10,0.5444564651200064,0.5459409815117997,3.268154820296174,3.2574734440179958,0.6292995375325157,0.6272427851686667,0.19255499575001342,0.09695502982038487
6.660846290809161,11,0.5424556627567156,0.5369089964429878,3.2781232212500733,3.322720964780175,0.6326826248836364,0.6412900552747832,0.19300147742535753,0.09658772974491485
6.660846290809161,12,0.5402841705023014,0.5385168898660804,4.128075376127623,4.146936489852824,0.6310656978040093,0.6339490273970654,0.1528716509038132,0.075712170442172
6.660846290809161,13,0.5362127574485103,0.5364272854570914,2.7535671359580016,2.7516859344325795,0.647885293936547,0.6474426670663553,0.2352894489028463,0.11761476979022027
6.660846290809161,14,0.5327345309381237,0.5401603206412826,4.013693744205593,3.9406982473838523,0.6436939592673483,0.6319873460197117,0.16037445811520204,0.08055802213609614
6.660846290809161,15,0.5414267434420985,0.5315701024327785,4.146470935166989,4.24704999272923,0.6290782673420464,0.6443375324500031,0.1517141388853632,0.07605744595794169
6.660846290809161,16,0.5473506878986001,0.5413458853564163,3.0364211367879443,3.082603135937377,0.6267847455911798,0.636317735675154,0.20642220474536,0.1026727043868464
6.660846290809161,17,0.54480602757294,0.5401229639092942,3.1314221913522626,3.1684419000107575,0.6300247969210928,0.6374729572151777,0.20119446003192085,0.10041302002269345
6.660846290809161,18,0.5404380959980848,0.5380759513975217,3.658986815305926,3.678755881174445,0.6334222563142113,0.6368445606131173,0.17311411280973726,0.08661972149195736
6.660846290809161,19,0.5424560283970805,0.5477594576162395,3.2570339924239224,3.2133757694238714,0.6329981007016344,0.624513211595987,0.19434801791262543,0.09719569552912531
9.345192145605374,0,0.533248234871754,0.5207171794151859,4.288172022403936,4.417648490229169,0.6415488117727031,0.6609196470964311,0.14960892623264044,0.07513115837274453
9.345192145605374,1,0.5241470446900529,0.5288077353364232,3.548825792204298,3.510433322965848,0.6602031843514894,0.6530608697013816,0.186034261191901,0.09363334986069717
9.345192145605374,2,0.5285788568457261,0.5291811672466898,4.187752407252872,4.181617218335177,0.6494894926269802,0.6485379701037232,0.1550926199701093,0.07747532706284864
9.345192145605374,3,0.5290834429693417,0.5224144158606574,6.128471783208175,6.225733273000784,0.642347275123204,0.6525416033591415,0.1048136138740519,0.05278343781990767
9.345192145605374,4,0.5278321678321678,0.5244044044044044,5.22867644269419,5.271718822835453,0.6466969304291084,0.652020529129619,0.12368272114689959,0.06160105577371272
9.345192145605374,5,0.5271432571908629,0.5304163500379955,3.78236621176189,3.7526220707475266,0.6541385049347929,0.6489944266397825,0.1729442545517252,0.08578105166327404
9.345192145605374,6,0.530015923566879,0.5254421221864952,4.594966391788309,4.643268386759848,0.645646813728861,0.6524338120420271,0.14051175975578412,0.06970820598245017
9.345192145605374,7,0.5335094883497478,0.5302134121972664,4.380301669950801,4.415969121250744,0.6406952174752961,0.6459122018725518,0.14626737283199318,0.07275927410600654
9.345192145605374,8,0.5250100361300682,0.528776404942208,6.839994775837513,6.780431679861454,0.647250518357881,0.6416142209616182,0.09462734103895999,0.04739816057503134
9.345192145605374,9,0.5308256219204422,0.5332907297200143,4.0991640003609495,4.075431760885216,0.6463712886055536,0.6426291016108213,0.15768368588049606,0.07814675718691044
9.345192145605374,10,0.5288730704630888,0.5242058093942547,3.7719879229185582,3.8143924374047034,0.6514198701315139,0.6587431023061762,0.1726993520242983,0.08546861128913767
9.345192145605374,11,0.5308790503689444,0.5265719757421002,4.402278791698745,4.448930888030322,0.644668132292524,0.651499848599615,0.1464396424661148,0.07355799904869632
9.345192145605374,12,0.5262379601135047,0.5401337123183474,4.372759667565855,4.227783514079338,0.6523937608846938,0.6307640475681339,0.14919497307929022,0.07461537982652051
9.345192145605374,13,0.5337580638698561,0.528930239987222,3.926506043025319,3.9736625129583314,0.6422916723086625,0.6500054533652965,0.16357842450021687,0.08232394844725704
9.345192145605374,14,0.5258717210492643,0.5239676696542894,5.187113540660736,5.210498833025784,0.649837008713834,0.6527666975126771,0.12527911787931628,0.06311725895137879
9.345192145605374,15,0.530547780887645,0.5277711084433774,4.955162556996565,4.988213183041017,0.6431692486190477,0.6474591475022609,0.1297978101063322,0.0651348980883212
9.345192145605374,16,0.5261431371764612,0.5265368155821302,4.428609023268026,4.424501332040555,0.6522136161706819,0.6516086650143469,0.14727279214397448,0.07397140694937032
9.345192145605374,17,0.5305488023594117,0.5282428038058533,4.10474189811796,4.126279331202936,0.6466787229647091,0.650071822961987,0.15754430826971452,0.07953488273793435
9.345192145605374,18,0.5270639254738194,0.5322760599298693,4.440562459030573,4.386528738787819,0.6506046788269698,0.642687980992246,0.1465140249303023,0.07346037988658773
9.345192145605374,19,0.5264042246759482,0.528795392737162,4.189560135999939,4.165845945294315,0.6529418263595482,0.6492459760823512,0.15584973246927938,0.07795011314817504
13.111339374215657,0,0.52297977779554,0.5174553607174314,7.794695266370747,7.897165753643944,0.6491202536370871,0.6576537070199368,0.083277181654251,0.04170713297960504
13.111339374215657,1,0.5198818268923666,0.521922090413594,12.188954142900663,12.128697433261149,0.6501538273663128,0.6469397591257289,0.053339590890576,0.0267887080212619
13.111339374215657,2,0.5186622394687362,0.5168979722433308,6.320994167193809,6.347908794441886,0.6584110766749056,0.6612145737571656,0.10416258253995601,0.05232688582758417
13.111339374215657,3,0.5256210248409936,0.5212591496340147,38.10286795609226,38.50496570988031,0.6367607987466424,0.6434805051784878,0.01671162389876825,0.008275341707022663
13.111339374215657,4,0.5208116127997434,0.5135663554385125,5.40510438043563,5.500162137705203,0.6572718645171322,0.6688310842767983,0.12160206690849486,0.06067934481230167
13.111339374215657,5,0.5179201411161001,0.5233477011494253,5.307447403206632,5.240574182776131,0.662175092786088,0.6538317635772638,0.1247633829373453,0.0625044765246055
13.111339374215657,6,0.5181698512106586,0.5204364044763548,6.855203762014929,6.8168309110517304,0.6584436302264111,0.6547579105647509,0.09605019093303753,0.04713124290264893
13.111339374215657,7,0.5222275718183277,0.5210559897910353,8.20501000803751,8.229591813776794,0.6496670476846184,0.6516134181516566,0.07917931203596508,0.03970002402156321
13.111339374215657,8,0.5178137812985152,0.5173037501507295,5.27277590096283,5.276583299453916,0.6626535049462746,0.6631319978695913,0.12567450568594646,0.06322444476522228
13.111339374215657,9,0.5266834311260129,0.5222271214975749,8.841404554830195,8.935830142787353,0.642053491024581,0.6489105778159348,0.072618947254689,0.03625191018253101
13.111339374215657,10,0.5228635382524582,0.518213113441678,8.404043643048556,8.497193053979164,0.6486058343344228,0.6557949035445024,0.077177827946065,0.03818250866891482
13.111339374215657,11,0.5169161616567003,0.5203125622931867,4.269034216021764,4.237019891916392,0.6677613116587361,0.6627536387344388,0.15641976097371524,0.0783174926617724
13.111339374215657,12,0.5180032076984763,0.520391061452514,5.516458386007349,5.4866066974026415,0.6615562905953812,0.6579763537954534,0.11992409700278667,0.059329870366577046
13.111339374215657,13,0.5219603322866568,0.5266696187754116,6.686527787710707,6.6081609274188144,0.6526019806664132,0.6449534118024517,0.0975995316830721,0.049082465395608434
13.111339374215657,14,0.5260412518913753,0.521538214257012,5.669532891388108,5.728558442982754,0.6483748280492696,0.6551250634917387,0.11436124288724674,0.0572628405085509
13.111339374215657,15,0.5198151909825945,0.5161692041939501,4.720075423762766,4.75924151318757,0.6613980355077933,0.6668861627681492,0.1401244633037109,0.07008798900099475
13.111339374215657,16,0.5268147672036315,0.5138805910702194,4.4771630194937275,4.619341036464044,0.6508656873042749,0.6715347566082127,0.14537457860488492,0.07241411149530488
13.111339374215657,17,0.5137239165329053,0.5185007974481659,7.395382501115981,7.313528168569639,0.6642785698601891,0.6569261335321777,0.08982342289394062,0.045133711712265275
13.111339374215657,18,0.5240017586634158,0.5151915455746368,7.272139067031147,7.425909636941544,0.6481750242193232,0.6618807911136547,0.08913127461462873,0.04507280138370321
13.111339374215657,19,0.5220491574712186,0.5185363698437563,7.323558669228784,7.382852181404589,0.6513838498098786,0.656657629672134,0.08894362416276969,0.044326781923815485
18.39525795803971,0,0.513474552516718,0.5155232349063011,31.788124498188687,31.63415949051984,0.6559989186758323,0.6528216038722982,0.02063660341814792,0.0103789365466117
18.39525795803971,1,0.5138306789606035,0.5149717400889886,7.524695091106378,7.502968057958118,0.6639630901275551,0.6620459429350433,0.08823787304183386,0.044753640529607765
18.39525795803971,2,0.5171696981810914,0.5166700020012007,11.20113125060307,11.213993799673542,0.6550268780966764,0.6557790624228393,0.058478636080744946,0.029236685665148535
18.39525795803971,3,0.5139010247041068,0.511723471114334,181.8079640627631,182.74557782262895,0.6532367378287814,0.6566055877963588,0.0035930039764554725,0.001758091818749019
18.39525795803971,4,0.5166779579962539,0.5167222066085839,6.305647938265325,6.303074133552118,0.6618205421915843,0.6615504039207092,0.10495678614966412,0.05228166939294745
18.39525795803971,5,0.5142219743446738,0.5156237448791068,6.373436228329509,6.3500986576851535,0.6655936403237608,0.6631564403510922,0.10443246256473712,0.052205399324935696
18.39525795803971,6,0.5167156133081224,0.5189118243646343,7.646592072077562,7.609984091424706,0.6590433377549351,0.6558881745749838,0.08618785094624179,0.043365781886598655
18.39525795803971,7,0.5153535918220661,0.5120407100212365,14.51893170386005,14.63253977818362,0.656149775548335,0.6612840315658125,0.04519270349442369,0.02280809513287659
18.39525795803971,8,0.5172468987595038,0.5131147540983606,9.232164641128866,9.323862062432754,0.656429905177267,0.6629498202688322,0.07110249120264842,0.03570412174914057
18.39525795803971,9,0.5098449768471914,0.5147625670574211,9.411064953361825,9.305538811068647,0.6678871224323688,0.6603981132854919,0.0709682831584098,0.035837299165200495
18.39525795803971,10,0.512959179585787,0.5092862563406159,8.672056712595055,8.747875234026854,0.6638387374948282,0.6696425823281894,0.07654916930267387,0.03844218366052529
18.39525795803971,11,0.5136009586578789,0.5138393751251752,9.505506737408053,9.499081199658923,0.6620070384811884,0.6615595345938668,0.06964458147990366,0.03499213878348711
18.39525795803971,12,0.5162906263775898,0.5159899389148401,38.43604044848559,38.46452303809981,0.651188163698027,0.6516707192633723,0.016942124009126033,0.008367254903545462
18.39525795803971,13,0.5163317588663838,0.5122711647613718,10.161113318398082,10.259562165575764,0.6570670449473411,0.6634332265916681,0.06466486735834662,0.03247144377881146
18.39525795803971,14,0.5128777609441033,0.5150894935388073,13.65912154963439,13.586012171370976,0.6605253020073296,0.6569898920630275,0.04835781712660795,0.0238881584656179
18.39525795803971,15,0.5135747505664428,0.5130217767580405,12.406909308378506,12.419842229112207,0.659997803768057,0.6606857832695099,0.05319598840964801,0.02684962212377688
18.39525795803971,16,0.5202842996326466,0.515306940214778,7.999641660050573,8.094021273203607,0.6530153010541729,0.6607195625843219,0.08163056906852058,0.041385471628640785
18.39525795803971,17,0.5153609524190005,0.5143978533381393,10.895691422120786,10.919860242571847,0.6581581194415446,0.6596180456454839,0.060405356020392674,0.029872178299753853
18.39525795803971,18,0.5092203688147526,0.514219431222751,8.750230599528047,8.647550219717628,0.6697726040563646,0.6619130962880974,0.07654342322046799,0.03822403997744314
18.39525795803971,19,0.5158080564917349,0.5252432604881161,5.48871422572216,5.368319856629654,0.6650633835159023,0.6504752881675078,0.1211692495118743,0.06045297432467717
25.808615404180767,0,0.5138861376332158,0.5134698493477119,14.251704620783892,14.260944607716295,0.6587243818325731,0.6591514608972986,0.04622074336791447,0.022962788680236806
25.808615404180767,1,0.5099107035598446,0.5059735485675471,12.7046106200815,12.82369822567877,0.665602598565671,0.6718416736631176,0.052390633484948254,0.025960139272626984
25.808615404180767,2,0.5155749519538757,0.5067934782608695,16.94172651171133,17.29743290066803,0.6549850942638926,0.6687370800806876,0.038661059356088656,0.019365544934781185
25.808615404180767,3,0.5106289282997718,0.508333000279765,26.750811141085205,26.896366841723413,0.6609486899248249,0.6645450238505711,0.024707613030459014,0.012387447046685393
25.808615404180767,4,0.5066714605305209,0.5140980454982378,11.840514709832012,11.634282664385017,0.6712674763878251,0.659575681893237,0.05669242366891572,0.028238358481660144
25.808615404180767,5,0.514067925130702,0.5115663713266247,12.37994493313731,12.45278708387024,0.6592620108488472,0.6631410315574293,0.0532524186827524,0.026321577234293965
25.808615404180767,6,0.5098570233780716,0.5087782732714636,16.19159586090973,16.230377433017722,0.6642650906317666,0.6658561162930081,0.04102530080036501,0.02057791193028486
25.808615404180767,7,0.5063734862970045,0.5132149742930592,13.642680051801854,13.422506228531384,0.6707672487658732,0.6599420011514289,0.049166823983186635,0.024663752481309566
25.808615404180767,8,0.5139463017217161,0.5102659171550452,10.691012896702023,10.785794915601006,0.6604516796169935,0.66630696612578,0.061776342989982774,0.030686208153714326
25.808615404180767,9,0.5124575084983003,0.5143828765753151,18.624223550730587,18.539605252370265,0.6594620983036962,0.6564658627591868,0.03540883712587454,0.01763857419399495
25.808615404180767,10,0.5067023059123913,0.5105478463142696,8.429656489644067,8.35231199014181,0.6742105979119062,0.6680245236254063,0.07998079147592572,0.04012196699036906
25.808615404180767,11,0.5077927801594615,0.509923725090851,110.45838788403184,109.90556175483262,0.6630376618000637,0.6597192669628056,0.006002601291774911,0.002958651405652103
25.808615404180767,12,0.5110084371233428,0.5072879330943847,15.689820098297947,15.83006217757745,0.6625159121553916,0.6684377524629492,0.04222584503867334,0.021202849793654506
25.808615404180767,13,0.5123057774922712,0.5100227154983461,12.032207475968002,12.099340822468978,0.6621819677744234,0.6658765925203886,0.05503412146914881,0.027129857167024315
25.808615404180767,14,0.5079932519280206,0.5114324410452518,6.308829643569112,6.260685178770194,0.6754756992624491,0.6703209529999921,0.10706830544251474,0.05366472991088131
25.808615404180767,15,0.5048489666136725,0.5081320450885668,8.882852740028996,8.811575092919472,0.6767403461869292,0.6713100569553044,0.07618502366219798,0.03805116366736105
25.808615404180767,16,0.5122517616912236,0.5071531329923273,25.5787115973508,25.888398629868867,0.6585677788822166,0.6665412024214683,0.025746714269628216,0.012803213495642108
25.808615404180767,17,0.5121610845295056,0.503852327447833,19.545620075109028,19.930021184680893,0.659708499419702,0.6726828987069299,0.03375224203093091,0.016996027331299155
25.808615404180767,18,0.5039531243729181,0.5091496232508074,19.33255716681399,19.09887840120043,0.6726923988712861,0.6645613519513419,0.03479583135675506,0.017381580588529538
25.808615404180767,19,0.5144457783113245,0.5146341463414634,29.24460240955203,29.23164403357275,0.6547238978208704,0.6544337875874753,0.022387854300492078,0.011173513660977024
36.20958350245917,0,0.5073282075925036,0.5073517660220553,29.035834404570462,29.03476973924209,0.6658946629643859,0.6658702464124064,0.022933546654322047,0.01143637910596756
36.20958350245917,1,0.5054339140163018,0.5082492391478456,7.9311452199892525,7.8787026841103325,0.676841736535553,0.6723663050476569,0.08533972304903405,0.04289577442999768
36.20958350245917,2,0.5111895403866207,0.509295459985638,43.30568444465838,43.49868713500214,0.6551243197865749,0.6580440463270945,-0.01512790591322434,-0.007616488717677193
36.20958350245917,3,0.5062184064831903,0.503709021296961,36.88897020097929,37.10858453235373,0.6669906841928375,0.6709615381457653,0.01808103290926595,0.009107789302364654
36.20958350245917,4,0.5033033511104036,0.5095682238481949,10.66872680978825,10.510791319367435,0.6775670295330612,0.667536602940443,0.06350964286679578,0.03135122408649026
36.20958350245917,5,0.501507295309297,0.5059113888778313,29.47494417953471,29.175643350038445,0.6749782023518117,0.668124193244101,0.022900067197428934,0.011570215511727308
36.20958350245917,6,0.5045294211960879,0.5062270477406994,10.859719557557565,10.817352316640102,0.6753310737843317,0.6726963911711735,0.0621867876242118,0.030842060849065923
36.20958350245917,7,0.5120946783415298,0.5088238825083037,22.554208428919658,22.728715026075964,0.6592650152263728,0.6643658856379382,0.029230243983249006,0.014505505982618643
36.20958350245917,8,0.5037208930143234,0.5131968327601376,20.89929821044061,20.438404039890592,0.6726930975471893,0.657858133994497,0.032187353411280276,0.01631321232139824
36.20958350245917,9,0.509446801697222,0.5069949636261891,27.967498265576626,28.129796570350152,0.6626689417159922,0.6665144785904487,0.023694251642508487,0.011868595844197647
36.20958350245917,10,0.5057997190447522,0.5072353996412199,61.17060677198907,60.966060785469985,0.6667607065999402,0.6645311516927606,0.010900017864548302,0.005439487673887292
36.20958350245917,11,0.5065715659560827,0.5073869988819677,15.660300302558591,15.631210824049049,0.6695572472976089,0.668313524586047,0.04275507074332516,0.021515516492243834
36.20958350245917,12,0.5062233999839396,0.5059376743444648,16.9715897707037,16.984775023852805,0.6696912214930871,0.6702115055917731,0.03945954566077868,0.019732308616167576
36.20958350245917,13,0.5095131505316173,0.510767752782003,28.668082788912997,28.58319014625931,0.6625036658266968,0.6605418434274141,0.023109451395993297,0.01154127411626866
36.20958350245917,14,0.5040445298734583,0.5039156145117468,59.76392137837329,59.78280221453841,0.6695488564194736,0.6697603827378783,0.011203228318645144,0.005621041101611157
36.20958350245917,15,0.5131642125480154,0.5077975047984645,16.894823044099805,17.109994432347648,0.6587865343924577,0.6671767976579681,0.03899339653767645,0.01959673026454073
36.20958350245917,16,0.5047861143106804,0.5052975063449221,48.3644749050652,48.30293756626497,0.6687384441005744,0.667887563691263,0.013827058919035996,0.0069822406975448385
36.20958350245917,17,0.5063564403933797,0.5093652445369407,18.65624564051561,18.52419504162834,0.6690540529048614,0.664318427630815,0.03586220217061692,0.01801713470674914
36.20958350245917,18,0.5041818400096042,0.5058174403262564,11.192056526433737,11.149590205961902,0.6756279216017018,0.6730643684449881,0.06036673599762326,0.03010094346116088
36.20958350245917,19,0.5053223538863225,0.5070703047201752,10.576256590367057,10.535644339766513,0.6741579215198795,0.6715691917345182,0.06374258375443616,0.03195164861097762
50.80218046913023,0,0.505403357658412,0.5001404325321992,15.314384135098772,15.502132898961518,0.6715806241646477,0.6798139576705053,0.04385293056777018,0.022102377263983487
50.80218046913023,1,0.5040407659540587,0.5068124271532495,32.660241056905605,32.44635714372968,0.6707695807062293,0.6663768751376803,0.02053780250848465,0.010272581371223968
50.80218046913023,2,0.5047371577053767,0.5035021012607565,144.510977853228,144.92859690058063,0.6676400526098271,0.6695694506866191,0.004619995397774645,0.0023178218093380235
50.80218046913023,3,0.5045073793378541,0.5134777376654633,15.10098104699374,14.784129055112686,0.6730753486939242,0.6589527387617595,0.04457163058475053,0.02247769021285349
50.80218046913023,4,0.5071981393110638,0.500857838247616,13.05845692557888,13.254979782356862,0.6697270572259588,0.6798060945347044,0.05128684507233766,0.025303909571349998
50.80218046913023,5,0.5094271501925546,0.5063018506700702,21.527760109040933,21.688137473181406,0.6635650969801018,0.6685085198281013,0.030823694319290877,0.01552397941225166
50.80218046913023,6,0.5082988385644818,0.5015726400445913,59.261117702129155,60.20249016325089,0.6601108063973703,0.6705967735631401,-0.011139020524644164,-0.005582579069741146
50.80218046913023,7,0.5040448538245895,0.5078705553335997,28.49505686797213,28.241004374308886,0.6711321399319785,0.6651485479525951,0.02355258117369534,0.011688900866479833
50.80218046913023,8,0.5050513149454778,0.5028735632183908,18.121199099951284,18.213097721864834,0.6620089724665927,0.6653662399370577,-0.03653229396217894,-0.018290002163361695
50.80218046913023,9,0.5055446575123104,0.5066943767235522,7.521364304595546,7.501527293409796,0.6773062258468975,0.6755198835512459,0.0900509799044123,0.044924758526470036
50.80218046913023,10,0.5046128040257198,0.5007010937061817,34.49631625521969,34.81453934561462,0.6648195599916877,0.67095241584129,-0.019272189965822594,-0.009628815951134113
50.80218046913023,11,0.5121180611102224,0.5053608577372379,24.38842658620438,24.779628242035223,0.6589195742394055,0.6694889493317544,0.027017715632878574,0.013553502522181675
50.80218046913023,12,0.5053523817103744,0.5050862450243255,63.13478289971244,63.176835471347204,0.6647599221880066,0.6652027029019616,-0.010529218469697697,-0.0052961373996258726
50.80218046913023,13,0.5046844971172325,0.5056745524296675,16.056176307009405,16.019671260243502,0.672438413951517,0.6709095695193733,0.041880358130968,0.020960778411391132
50.80218046913023,14,0.5086923354880154,0.5044833220420037,21.980225429426984,22.200112947728034,0.6646430322120638,0.6712920407665227,0.03023822637061056,0.01522012869125416
50.80218046913023,15,0.5090741925167892,0.5044828690361831,51.379386427800654,51.9377354009956,0.6586790026980057,0.6658369851184128,-0.012819907914307125,-0.006406728024389918
50.80218046913023,16,0.504429035231873,0.5020558061554429,21.966885046003064,22.089991107977752,0.6714143581721012,0.6751770754355972,0.03056484143136475,0.015205327105876692
50.80218046913023,17,0.5057319752346715,0.5029040656919688,26.49106147550414,26.666465682376444,0.6686954446776228,0.6731230511071069,0.025242304665517263,0.012636673060921312
50.80218046913023,18,0.5018404417060094,0.5076781572422618,75.49847459787429,74.47171406377522,0.6727220623578932,0.663573209116476,0.008910406017353285,0.004483987808497281
50.80218046913023,19,0.5109773228978527,0.5054016344428942,19.640144633914062,19.901595091704017,0.6615350708598127,0.6703414544351021,0.03368280036581259,0.01670914923935162
71.27564834438921,0,0.5027606625590142,0.4999200191953931,21.354509154319956,21.497046584879612,0.6741721008273746,0.678672075905823,0.031570479843644236,0.015709643678538953
71.27564834438921,1,0.5074686636498338,0.5110871389188542,12.102750592542728,12.00044927033875,0.6698051303045167,0.6641434462166549,0.05534321517930198,0.027582292040285457
71.27564834438921,2,0.5033247876942798,0.5011583320019173,63.32690914208482,63.64962214244833,0.6706119866769115,0.674029415527176,0.010589684476346036,0.005243393427272363
71.27564834438921,3,0.5021140805743917,0.49907741676694745,26.857428055620858,27.04676570239696,0.6743703615253315,0.6791244912596578,0.025109268100010636,0.012600081591089083
71.27564834438921,4,0.505641353924942,0.5027593377589379,104.35026772834661,105.05848377789601,0.6648350537629195,0.6693472305462479,-0.006371186852090059,-0.0031698134374337854
71.27564834438921,5,0.511485757660501,0.5033040970803797,114.02353548544616,116.24042741162579,0.6572499459139441,0.6700284665270381,0.0057641603824662565,0.0028756272453717108
71.27564834438921,6,0.5053102291783119,0.5018433918409874,83.24317326172353,83.92102509608878,0.6671683598970152,0.6726011332869095,0.008014691580766412,0.004032542040397802
71.27564834438921,7,0.49879720952610057,0.5036315747465879,25.256890878500634,24.974914517427653,0.6797930693058865,0.672203632550285,0.02691515248555574,0.01354437282963158
71.27564834438921,8,0.5025272785622593,0.5077377153797065,12.421473090587611,12.272219405178198,0.6774662081510212,0.6693259233740491,0.05453992479075386,0.02717030621859768
71.27564834438921,9,0.5077850526988182,0.5032863097146522,11.548979949874909,11.670084900882156,0.669617577174382,0.6766393231839223,0.05798066842965078,0.029293410404671306
71.27564834438921,10,0.49974186886938565,0.506789153471131,32.578767386174576,32.042097226995644,0.6775814639957155,0.66641966195978,0.020798253536236003,0.010448734300543026
71.27564834438921,11,0.5025392889990803,0.506741887728564,26.285689953446,26.02770663549123,0.67373232091676,0.6671199131819314,0.02563114463078551,0.01298716919087316
71.27564834438921,12,0.5029709330335635,0.5037063605930177,53.95246477785556,53.857969796499106,0.6682681047639394,0.6670976673731587,-0.012386238654998867,-0.006188805630734087
71.27564834438921,13,0.5073555794761392,0.5111369747561906,28.275265545540623,28.025161407465202,0.6600314004020377,0.6541932029062656,-0.023343066375061266,-0.011722422072838306
71.27564834438921,14,0.4995609133003353,0.5008417508417509,33.1003032028577,33.00010588468585,0.6777984190757077,0.6757466679652634,0.020477106053130963,0.010299501833552134
71.27564834438921,15,0.5029959383922468,0.5026857120120957,14.253375374970961,14.266544053091197,0.6757513944687071,0.6763757204524797,0.0474099205760996,0.023748479186190143
71.27564834438921,16,0.4999800423103022,0.5034673507836613,25.92866294445307,25.717734037689347,0.6778877725731548,0.6723731755774026,0.026144339722622513,0.012961142793972143
71.27564834438921,17,0.5077522493573264,0.5015137029955385,54.33494862040361,55.138120661946814,0.6638720953634045,0.6736853650856541,0.012218141586943737,0.0060635279957407095
71.27564834438921,18,0.506031771310268,0.5038781497407869,42.67104039042024,42.88462749833145,0.6670354226788283,0.6703742249555191,0.01563204029186454,0.007739099629551694
71.27564834438921,19,0.5072120213749046,0.5016128389948629,35.99617759279618,36.47438460206216,0.6655029298579626,0.6743440954212976,0.018488155531023603,0.009169808180648402
100.0,0,0.5007620728381197,0.5005983724269986,24.637262563945455,24.648216758751243,0.6767735580823192,0.6770744644583988,0.027469511124694507,0.013727638260301392
100.0,1,0.5041606657065131,0.49880019196928493,69.12849552754139,70.00092894902555,0.6667435261138808,0.6751581362005156,-0.009644988235687038,-0.004841632044819528
100.0,2,0.5048835161316148,0.5008793668558638,21.617276895520686,21.82153410499339,0.6630017798901662,0.6692663475362355,-0.030669995258632538,-0.015492856798323445
100.0,3,0.5057946023980431,0.5024139169293381,10.767845307509843,10.853930448525965,0.6733275483913934,0.6787105656337462,0.06253131700562164,0.031298640110548205
100.0,4,0.5035580075157912,0.504242375730409,73.62933238133002,73.51135059142901,0.6700422888615155,0.6689686299542226,0.009100208669438056,0.004615221565564686
100.0,5,0.50796,0.50328,27.85922896856588,28.166793551913884,0.6650207702128057,0.6723625683773943,0.023870752882757876,0.011960973304484796
100.0,6,0.5055976886962803,0.4995813230192591,22.450403527288174,22.769950538681847,0.6694823100687013,0.6790113624575973,0.029820502302105804,0.014768779201938925
100.0,7,0.50272,0.49988,7.93424791275329,7.9877210036631014,0.6598587697982292,0.664305906864408,-0.08316588756164155,-0.041810123791973595
100.0,8,0.5032392225865793,0.4998399615907818,20.853883592269856,21.019822237172406,0.6734951269615845,0.6788542663382857,0.032295909008106125,0.016220077906002387
100.0,9,0.5001601922306768,0.49836196564123053,14.975687703116153,15.038323099981811,0.6800866109165814,0.68293105423179,0.04541271321884393,0.022519235432766942
100.0,10,0.5060279314049257,0.5011058832991515,48.094442955076126,48.65526891438416,0.6632888961496997,0.6710234619046038,-0.013791383274139635,-0.00690492565799581
100.0,11,0.5025571360076714,0.5077286560948262,2183.1834817079393,2156.8318397002504,0.6705104077556402,0.6624171575200789,0.0003071250828771795,0.00015560545588647122
100.0,12,0.5021063508465146,0.5018922618568322,15.060234452721563,15.064280137306783,0.677004329465109,0.6771861955567985,0.04495310691147748,0.022415016305677698
100.0,13,0.5020246161247645,0.503970946242567,17.723666300743687,17.64482429141575,0.6761344712558421,0.6731267526842362,0.03814867983761754,0.01910713794267812
100.0,14,0.5053333866006152,0.5055068284672994,109.70129147682438,109.65641550861491,0.6668884721397972,0.666615665270597,0.006079130547708135,0.003044312192387994
100.0,15,0.5065920894926089,0.5059671605927113,20.582735328038215,20.613815052628752,0.6601456187945626,0.6611424320798132,-0.0320727837322622,-0.016126620070647035
100.0,16,0.4980426974454175,0.50025772173982,20.876657186659145,20.773843117427532,0.6817107031775751,0.67835339119004,0.03265420785915909,0.016183164996708813
100.0,17,0.5023698570119887,0.49773028562246413,28.153271615779122,28.456775325611076,0.6738232311054915,0.6810873193863309,0.023934100459139265,0.012040918744764763
100.0,18,0.5068410704971311,0.5082346373170634,146.71220401184465,146.23017523589905,0.6631935812874694,0.6610146324239027,-0.004520370924520548,-0.0022269294646349944
100.0,19,0.5044148787406608,0.5057466661327139,11.440089876564905,11.404056231716057,0.6750300678011933,0.672903878760033,0.059005661239077904,0.029843463169016184
